idx,true_x,true_y,true_yaw,clutter_frac,rec_x,rec_y,rec_yaw,score,used_beams,score_frac,pos_err_m,yaw_err_deg,time_ms,success
0,1.4279,4.1236,1.0803,0.2791,1.4000,4.1000,1.0934,133.1522,180,0.7397,0.0365,0.7535,64.422,1
1,4.9883,2.1014,-0.4509,0.7627,5.0000,2.1000,-0.4466,56.1553,180,0.3120,0.0118,0.2470,102.635,1
2,3.0844,4.5065,-0.0741,0.6090,3.1000,4.5000,-0.0791,66.7844,180,0.3710,0.0169,0.2852,146.847,1
3,5.1322,4.7252,-1.2383,0.7174,5.2000,4.8000,-1.2341,65.2097,180,0.3623,0.1009,0.2409,130.011,1
4,1.6698,5.0282,-0.0772,0.7489,1.7000,5.0000,-0.0966,56.3820,180,0.3132,0.0413,1.1127,77.761,1
5,5.0272,0.8599,0.3007,0.1201,5.0000,0.9000,0.3234,148.9424,180,0.8275,0.0485,1.3022,71.038,1
6,3.9343,3.8445,-2.4682,0.4042,3.9000,3.8000,-2.4591,101.2680,180,0.5626,0.0562,0.5222,77.474,1
7,4.0839,1.6306,0.1454,0.2806,4.1000,1.6000,0.1309,130.3243,180,0.7240,0.0346,0.8327,37.958,1
8,1.9128,2.1833,-0.3057,0.2429,1.9000,2.2000,-0.3066,132.1140,180,0.7340,0.0211,0.0499,31.888,1
9,4.1585,5.1812,1.4309,0.0153,4.2000,5.2000,1.4259,170.5053,180,0.9473,0.0455,0.2844,27.530,1
10,2.5288,3.8235,-1.6902,0.0271,2.5000,3.8000,-1.6716,165.3023,180,0.9183,0.0372,1.0670,43.222,1
11,2.1776,3.3028,2.3708,0.7792,2.2000,3.3000,2.3884,45.8152,180,0.2545,0.0225,1.0091,71.233,1
12,1.9242,1.5010,-2.0492,0.6427,1.9000,1.5000,-2.0566,75.2142,180,0.4179,0.0242,0.4261,45.358,1
13,1.7839,4.0169,2.7807,0.1802,1.8000,4.0000,2.7909,143.8458,180,0.7991,0.0233,0.5830,34.304,1
14,2.6118,2.6564,-0.1875,0.3603,2.6000,2.7000,-0.1841,117.1105,180,0.6506,0.0452,0.1968,22.905,1
15,4.6532,5.3097,-2.3045,0.7802,4.7000,5.3000,-2.3191,45.4237,180,0.2524,0.0478,0.8384,106.062,1
16,5.1284,3.8437,0.9773,0.7756,3.8000,0.9000,-0.6216,49.3350,180,0.2741,3.2296,91.6107,130.299,0
17,5.0157,1.1139,0.1653,0.1567,5.0000,1.1000,0.1484,148.8609,180,0.8270,0.0210,0.9661,25.940,1
18,1.4031,1.4136,1.5230,0.6073,1.4000,1.4000,1.5309,83.2965,180,0.4628,0.0139,0.4555,40.338,1
19,4.8282,3.9760,0.4307,0.1962,4.8000,4.0000,0.4284,146.7994,180,0.8156,0.0371,0.1296,80.413,1
20,0.5842,4.6102,-2.4237,0.2852,0.6000,4.6000,-2.4066,125.4641,180,0.6970,0.0188,0.9782,34.656,1
21,0.8434,4.9860,-0.4461,0.1642,0.8000,5.0000,-0.4291,153.4533,180,0.8525,0.0456,0.9757,40.218,1
22,4.4582,5.1867,2.3809,0.3380,4.5000,5.2000,2.3709,112.8484,180,0.6269,0.0439,0.5746,45.548,1
23,0.9912,0.6643,0.0460,0.7026,1.0000,0.6000,0.0609,54.8881,180,0.3049,0.0649,0.8527,99.559,1
24,2.5639,1.9253,0.2422,0.5328,2.6000,1.9000,0.2709,88.2546,180,0.4903,0.0441,1.6474,68.407,1
25,1.3420,2.0576,-2.0744,0.7708,1.3000,2.1000,-2.0916,39.5592,180,0.2198,0.0596,0.9849,106.305,1
26,3.0638,3.9832,2.9523,0.0629,3.1000,4.0000,2.9484,160.5711,180,0.8921,0.0399,0.2202,10.474,1
27,0.6195,1.4020,1.8238,0.3990,0.6000,1.4000,1.8284,112.5290,180,0.6252,0.0196,0.2643,33.736,1
28,1.2518,2.2435,0.7449,0.2407,1.2000,2.2000,0.7434,136.4007,180,0.7578,0.0677,0.0859,24.319,1
29,2.0226,5.3024,0.0241,0.2089,2.0000,5.3000,0.0259,145.0737,180,0.8060,0.0228,0.1009,37.629,1
30,0.7983,1.6203,2.5948,0.2297,0.8000,1.6000,2.5984,140.4698,180,0.7804,0.0204,0.2043,27.406,1
31,1.5883,1.2027,-0.2456,0.6314,1.6000,1.2000,-0.2366,65.4607,180,0.3637,0.0120,0.5153,69.479,1
32,3.4641,5.1836,-2.5215,0.0962,3.5000,5.2000,-2.5291,151.3460,180,0.8408,0.0395,0.4338,18.848,1
33,0.5766,5.3158,-1.8647,0.6690,0.6000,5.3000,-1.8816,63.6313,180,0.3535,0.0282,0.9691,47.509,1
34,2.0645,4.2892,1.3605,0.7604,3.9000,1.7000,-1.8116,37.3761,180,0.2076,3.1738,178.2548,99.897,0
35,2.4576,4.2045,2.0001,0.3987,2.5000,4.2000,2.0034,98.7758,180,0.5488,0.0427,0.1885,18.842,1
36,1.4454,2.1912,-0.0416,0.5510,1.4000,2.2000,-0.0441,79.7458,180,0.4430,0.0462,0.1448,52.878,1
37,1.4212,5.4885,2.4220,0.3669,1.4000,5.5000,2.4234,117.9008,180,0.6550,0.0241,0.0831,20.661,1
38,1.7065,4.5840,-2.1563,0.2008,1.7000,4.6000,-2.1616,141.4671,180,0.7859,0.0172,0.3037,50.498,1
39,3.3035,3.6319,-1.8282,0.5029,3.3000,3.6000,-1.8291,91.5911,180,0.5088,0.0321,0.0490,43.089,1
40,1.3859,3.5696,1.1746,0.0195,1.4000,3.6000,1.1634,171.3599,180,0.9520,0.0335,0.6438,23.290,1
41,4.5584,4.8439,-2.7255,0.0253,4.6000,4.9000,-2.7216,169.3306,180,0.9407,0.0698,0.2244,17.451,1
42,4.3195,1.2690,-0.4345,0.0795,4.3000,1.3000,-0.4466,160.1864,180,0.8899,0.0367,0.6924,24.174,1
43,5.1833,1.1407,-0.6931,0.0067,5.2000,1.1000,-0.7091,174.0049,180,0.9667,0.0440,0.9181,21.231,1
44,2.3807,4.4312,1.0624,0.5335,2.4000,4.4000,1.0584,83.3630,180,0.4631,0.0367,0.2268,76.818,1
45,1.7295,3.4371,1.2120,0.6095,1.7000,3.4000,1.2159,75.3789,180,0.4188,0.0474,0.2224,42.691,1
46,2.5733,2.0366,-0.7054,0.1730,2.6000,2.0000,-0.6916,151.9967,180,0.8444,0.0453,0.7933,26.415,1
47,1.3103,4.1778,0.7030,0.2181,1.3000,4.2000,0.7084,135.5730,180,0.7532,0.0245,0.3073,51.289,1
48,4.4020,0.5270,2.7587,0.2906,4.4000,0.5000,2.7559,116.9183,180,0.6495,0.0271,0.1598,27.236,1
49,1.6837,3.4037,1.7352,0.3586,1.7000,3.4000,1.7409,120.7064,180,0.6706,0.0167,0.3284,55.591,1
50,4.1696,4.5108,-0.8676,0.1826,4.2000,4.5000,-0.8841,147.7035,180,0.8206,0.0322,0.9462,19.691,1
51,4.5348,0.7491,-0.1258,0.4213,4.5000,0.7000,-0.1491,104.0025,180,0.5778,0.0602,1.3321,64.254,1
52,2.3697,4.0649,1.9771,0.0788,2.4000,4.1000,1.9684,163.1568,180,0.9064,0.0464,0.4952,20.823,1
53,2.5609,2.1370,-2.3469,0.0789,2.6000,2.1000,-2.3366,159.5869,180,0.8866,0.0538,0.5918,34.676,1
54,2.6623,5.4180,0.2198,0.6885,2.6000,5.4000,0.2359,59.4636,180,0.3304,0.0648,0.9225,60.795,1
55,0.8972,0.6477,-1.3442,0.4429,0.9000,0.6000,-1.3391,101.6334,180,0.5646,0.0477,0.2909,54.290,1
56,3.8012,0.9712,0.2058,0.2886,3.8000,1.0000,0.2184,123.3966,180,0.6855,0.0289,0.7203,27.786,1
57,3.6655,1.3621,0.6823,0.7536,3.6000,1.4000,0.6209,59.9757,180,0.3332,0.0757,3.5148,75.321,1
58,1.1930,1.7854,1.3221,0.5696,1.2000,1.8000,1.3209,77.3888,180,0.4299,0.0162,0.0688,67.284,1
59,2.2022,0.5241,-1.5690,0.7259,2.2000,0.5000,-1.5841,57.2398,180,0.3180,0.0242,0.8652,113.233,1
60,2.3360,3.6576,1.4029,0.0724,2.3000,3.7000,1.4084,159.8661,180,0.8881,0.0556,0.3176,45.584,1
61,3.9172,0.6804,1.5065,0.0899,3.9000,0.7000,1.4959,160.6448,180,0.8925,0.0261,0.6064,41.372,1
62,4.7655,3.5039,0.2527,0.5743,4.8000,3.5000,0.2534,82.2522,180,0.4570,0.0347,0.0415,62.660,1
63,3.6257,0.5812,-2.3405,0.4622,3.6000,0.6000,-2.3541,102.2070,180,0.5678,0.0318,0.7803,43.026,1
64,5.2499,0.7150,-2.7990,0.3882,5.3000,0.7000,-2.8091,112.0992,180,0.6228,0.0523,0.5760,41.839,1
65,1.3725,5.0598,2.0067,0.5562,1.4000,5.1000,2.0034,91.3998,180,0.5078,0.0487,0.1903,104.217,1
66,2.5250,4.4866,1.6781,0.3327,2.5000,4.5000,1.6884,120.2809,180,0.6682,0.0283,0.5931,23.793,1
67,3.6044,5.4875,1.6590,0.7636,5.5000,2.4000,0.0959,45.5935,180,0.2533,3.6230,89.5587,102.270,0
68,5.4826,2.4241,0.1604,0.4790,5.5000,2.4000,0.1484,102.9352,180,0.5719,0.0298,0.6894,26.825,1
69,0.9503,3.8143,-2.7331,0.1880,0.9000,3.8000,-2.7216,144.3584,180,0.8020,0.0523,0.6615,25.261,1
70,2.6082,4.2136,-3.0786,0.5727,2.6000,4.2000,-3.0716,88.8286,180,0.4935,0.0159,0.4023,81.393,1
71,1.7299,1.2288,-1.3299,0.1318,1.7000,1.2000,-1.3391,150.6409,180,0.8369,0.0415,0.5271,49.380,1
72,2.4216,2.8938,1.9723,0.2497,2.4000,2.9000,1.9859,129.8319,180,0.7213,0.0224,0.7820,15.118,1
73,4.8040,5.3994,0.9469,0.2069,4.8000,5.4000,0.9534,144.3307,180,0.8018,0.0040,0.3722,20.543,1
74,4.8849,1.5124,-2.2084,0.5823,4.9000,1.5000,-2.2141,73.3589,180,0.4075,0.0196,0.3258,39.110,1
75,3.9373,4.9115,-1.4571,0.1411,3.9000,4.9000,-1.4616,140.0126,180,0.7778,0.0390,0.2602,22.277,1
76,4.7818,3.9399,-0.3746,0.1975,4.8000,3.9000,-0.3941,138.8510,180,0.7714,0.0438,1.1141,30.838,1
77,1.0089,4.4732,-1.5789,0.3694,1.0000,4.5000,-1.5841,120.1987,180,0.6678,0.0282,0.2993,23.756,1
78,2.7656,4.3054,-0.7980,0.2247,2.8000,4.3000,-0.7966,130.6874,180,0.7260,0.0348,0.0812,18.020,1
79,1.9528,0.5098,3.1265,0.4656,2.0000,0.5000,3.1416,97.6945,180,0.5427,0.0482,0.8632,37.401,1
80,5.0620,5.2787,0.7124,0.0845,5.1000,5.3000,0.7084,163.2406,180,0.9069,0.0436,0.2313,16.393,1
81,2.3168,2.7580,1.2093,0.6911,2.3000,2.8000,1.2159,54.8625,180,0.3048,0.0452,0.3765,55.813,1
82,1.9181,4.2974,-2.0586,0.3156,1.9000,4.3000,-2.0566,127.8569,180,0.7103,0.0183,0.1167,18.710,1
83,4.3609,5.1297,-1.5077,0.3376,4.4000,5.1000,-1.5316,114.6834,180,0.6371,0.0491,1.3686,17.353,1
84,4.4712,1.3792,0.2113,0.7042,4.5000,1.4000,0.2359,59.8511,180,0.3325,0.0355,1.4096,56.490,1
85,2.3892,4.1244,-1.0075,0.4656,2.4000,4.1000,-1.0066,93.2509,180,0.5181,0.0267,0.0509,22.825,1
86,4.3929,3.0830,-0.9780,0.5737,4.4000,3.1000,-0.9716,82.1257,180,0.4563,0.0185,0.3695,23.706,1
87,0.8964,3.0966,0.0264,0.6480,0.9000,3.1000,0.0259,63.5915,180,0.3533,0.0050,0.0255,24.231,1
88,4.0920,5.4533,-1.8025,0.2051,4.1000,5.5000,-1.8116,149.5038,180,0.8306,0.0474,0.5182,16.746,1
89,4.6063,1.7185,1.8790,0.4261,4.6000,1.7000,1.8634,112.1869,180,0.6233,0.0195,0.8912,27.464,1
90,1.5220,1.3348,2.4885,0.0583,1.5000,1.3000,2.4934,169.7127,180,0.9428,0.0412,0.2784,22.004,1
91,3.8898,2.6497,-1.5365,0.6680,3.9000,2.6000,-1.5491,64.7455,180,0.3597,0.0507,0.7225,26.247,1
92,0.6235,3.6615,1.8332,0.4291,0.6000,3.7000,1.8284,95.7631,180,0.5320,0.0452,0.2745,19.888,1
93,1.0621,0.7574,2.2298,0.0143,1.1000,0.7000,2.2484,169.7723,180,0.9432,0.0688,1.0638,8.768,1
94,3.0436,3.7301,-0.2443,0.1462,3.0000,3.7000,-0.2366,148.6601,180,0.8259,0.0529,0.4424,9.429,1
95,3.0133,3.2072,2.1289,0.7258,3.0000,3.2000,2.1259,61.7969,180,0.3433,0.0151,0.1716,37.675,1
96,4.7459,2.8739,-1.8821,0.3755,4.8000,2.9000,-1.8816,106.3222,180,0.5907,0.0600,0.0307,16.005,1
97,2.0168,3.6982,-1.6753,0.5026,2.0000,3.7000,-1.6716,97.7224,180,0.5429,0.0169,0.2120,17.044,1
98,5.3888,3.8849,0.4929,0.3181,5.4000,3.9000,0.4984,126.5817,180,0.7032,0.0188,0.3159,10.242,1
99,5.2348,0.5631,-1.4703,0.7145,5.2000,0.5000,-1.5316,62.3888,180,0.3466,0.0721,3.5136,48.029,1
