map_m,idx,stratum,clutter_frac,method,top_k,verify_scans,evidence_gain,min_posterior,outcome,scans_used,best_posterior,n_hyp,rec_x,rec_y,rec_yaw,true_x,true_y,true_yaw,pos_err_m,yaw_err_deg,success,accepted,false_accept,time_ms
20,0,in,0.1491,single,1,1,0,0,accepted,1,1.0000,1,18.0500,7.1500,-1.6716,18.0429,7.1221,-1.6756,0.0287,0.2297,1,1,0,11.906
20,0,in,0.1491,verify,8,9,40.000,0.9000,accepted,9,1.000000,8,18.3750,4.7818,-1.3719,18.3447,4.7551,-1.3832,0.0403,0.6468,1,1,0,89.262
20,1,in,0.4278,single,1,1,0,0,accepted,1,1.0000,1,1.4500,10.1500,-2.4416,1.5004,10.1096,-2.4426,0.0646,0.0589,1,1,0,38.800
20,1,in,0.4278,verify,8,9,40.000,0.9000,accepted,9,1.000000,4,1.4349,9.2049,-0.1726,1.3992,9.1508,-0.1548,0.0648,1.0197,1,1,0,143.801
20,2,in,0.6644,single,1,1,0,0,no-candidate,1,0.0000,1,17.0500,2.5500,1.3034,17.0724,2.5241,1.2891,0.0342,0.8199,1,0,0,143.334
20,2,in,0.6644,verify,8,9,40.000,0.9000,no-candidate,0,0.000000,0,17.0500,2.5500,1.3034,17.0724,2.5241,1.2891,0.0342,0.8199,1,0,0,242.112
20,3,in,0.4796,single,1,1,0,0,accepted,1,1.0000,1,11.2500,11.8500,-2.1266,11.2653,11.8045,-2.1371,0.0480,0.6037,1,1,0,46.357
20,3,in,0.4796,verify,8,9,40.000,0.9000,accepted,9,1.000000,2,9.8659,9.8024,-2.2255,9.8493,9.8776,-2.2296,0.0770,0.2344,1,1,0,123.951
20,4,in,0.3635,single,1,1,0,0,accepted,1,1.0000,1,4.1500,11.8500,3.0534,4.1362,11.8538,3.0548,0.0143,0.0786,1,1,0,75.698
20,4,in,0.3635,verify,8,9,40.000,0.9000,accepted,9,1.000000,5,1.8850,11.2378,-3.1341,1.8866,11.2067,-3.1262,0.0312,0.4513,1,1,0,174.371
20,5,in,0.0636,single,1,1,0,0,accepted,1,1.0000,1,13.9500,6.0500,-1.7241,13.9987,6.0134,-1.7086,0.0609,0.8849,1,1,0,11.627
20,5,in,0.0636,verify,8,9,40.000,0.9000,accepted,9,1.000000,8,14.9832,4.3151,-0.6486,15.0238,4.3180,-0.6389,0.0407,0.5539,1,1,0,113.821
20,6,in,0.1074,single,1,1,0,0,accepted,1,1.0000,1,5.5500,9.8500,2.3009,5.5715,9.8602,2.2981,0.0238,0.1632,1,1,0,6.813
20,6,in,0.1074,verify,8,9,40.000,0.9000,accepted,9,1.000000,8,3.8527,11.5226,2.1875,3.8598,11.5146,2.1918,0.0106,0.2450,1,1,0,69.822
20,7,in,0.4113,single,1,1,0,0,accepted,1,1.0000,1,3.1500,16.5500,-2.8791,3.1729,16.5299,-2.8715,0.0305,0.4377,1,1,0,29.213
20,7,in,0.4113,verify,8,9,40.000,0.9000,accepted,9,1.000000,8,0.8341,16.9001,2.6778,0.8877,16.9557,2.6698,0.0773,0.4570,1,1,0,116.020
20,8,in,0.3848,single,1,1,0,0,accepted,1,1.0000,1,17.8500,14.3500,-3.1241,17.8464,14.3377,-3.1179,0.0128,0.3561,1,1,0,25.201
20,8,in,0.3848,verify,8,9,40.000,0.9000,accepted,9,1.000000,5,15.4470,14.3964,2.9532,15.4704,14.3335,2.9372,0.0670,0.9134,1,1,0,113.018
20,9,in,0.7288,single,1,1,0,0,no-candidate,1,0.0000,1,8.4500,5.5500,-1.4791,8.4631,5.6125,-1.4867,0.0639,0.4354,1,0,0,91.278
20,9,in,0.7288,verify,8,9,40.000,0.9000,no-candidate,0,0.000000,0,8.4500,5.5500,-1.4791,8.4631,5.6125,-1.4867,0.0639,0.4354,1,0,0,229.925
20,10,in,0.6604,single,1,1,0,0,no-candidate,1,0.0000,1,6.1500,13.6500,0.4109,6.1248,13.6365,0.4128,0.0286,0.1072,1,0,0,99.856
20,10,in,0.6604,verify,8,9,40.000,0.9000,no-candidate,0,0.000000,0,6.1500,13.6500,0.4109,6.1248,13.6365,0.4128,0.0286,0.1072,1,0,0,239.533
20,11,in,0.0993,single,1,1,0,0,accepted,1,1.0000,1,6.0500,16.6500,2.7209,6.0472,16.6154,2.7247,0.0348,0.2162,1,1,0,13.397
20,11,in,0.0993,verify,8,9,40.000,0.9000,accepted,9,1.000000,8,3.7466,17.2301,2.7636,3.7372,17.2413,2.7640,0.0147,0.0198,1,1,0,112.461
20,12,in,0.4636,single,1,1,0,0,accepted,1,1.0000,1,11.1500,7.3500,-0.3066,11.1796,7.3556,-0.3079,0.0301,0.0731,1,1,0,19.085
20,12,in,0.4636,verify,8,9,40.000,0.9000,accepted,9,1.000000,4,12.1350,5.2432,-1.4140,12.1494,5.2495,-1.4064,0.0157,0.4367,1,1,0,110.514
20,13,in,0.2271,single,1,1,0,0,accepted,1,1.0000,1,17.9500,5.5500,1.3384,17.9555,5.5201,1.3359,0.0304,0.1440,1,1,0,15.261
20,13,in,0.2271,verify,8,9,40.000,0.9000,accepted,9,1.000000,8,18.2396,7.8420,1.5545,18.2537,7.8848,1.5619,0.0450,0.4245,1,1,0,86.917
20,14,in,0.7739,single,1,1,0,0,no-candidate,1,0.0000,1,9.4500,12.5500,-0.1491,9.4879,12.5302,-0.1382,0.0427,0.6240,1,0,0,191.446
20,14,in,0.7739,verify,8,9,40.000,0.9000,no-candidate,0,0.000000,0,9.4500,12.5500,-0.1491,9.4879,12.5302,-0.1382,0.0427,0.6240,1,0,0,328.363
20,15,in,0.5170,single,1,1,0,0,accepted,1,1.0000,1,1.5500,17.5500,0.2534,1.6079,17.5813,0.2528,0.0659,0.0330,1,1,0,103.842
20,15,in,0.5170,verify,8,9,40.000,0.9000,accepted,9,1.000000,1,4.0342,17.6450,0.0803,3.9944,17.6774,0.0913,0.0513,0.6267,1,1,0,251.389
20,16,in,0.5013,single,1,1,0,0,accepted,1,1.0000,1,11.6500,4.4500,-2.5991,11.6306,4.4869,-2.6086,0.0416,0.5437,1,1,0,29.049
20,16,in,0.5013,verify,8,9,40.000,0.9000,accepted,9,1.000000,1,10.1166,3.0543,2.1618,10.0916,3.0733,2.1640,0.0314,0.1263,1,1,0,122.048
20,17,in,0.7506,single,1,1,0,0,no-candidate,1,0.0000,1,3.0500,1.5500,-0.0966,3.0851,1.5878,-0.0912,0.0516,0.3063,1,0,0,151.233
20,17,in,0.7506,verify,8,9,40.000,0.9000,no-candidate,0,0.000000,0,3.0500,1.5500,-0.0966,3.0851,1.5878,-0.0912,0.0516,0.3063,1,0,0,234.726
20,18,in,0.4422,single,1,1,0,0,accepted,1,1.0000,1,15.7500,4.9500,0.2184,15.7582,4.9198,0.2160,0.0313,0.1381,1,1,0,44.754
20,18,in,0.4422,verify,8,9,40.000,0.9000,accepted,9,1.000000,3,18.0782,5.3080,0.1580,18.1122,5.2823,0.1530,0.0427,0.2871,1,1,0,154.223
20,19,in,0.4089,single,1,1,0,0,accepted,1,1.0000,1,16.3500,0.4500,0.3059,16.3557,0.4534,0.3085,0.0067,0.1506,1,1,0,59.104
20,19,in,0.4089,verify,8,9,40.000,0.9000,accepted,9,1.000000,8,15.7694,0.4322,3.1144,15.7526,0.4145,3.1096,0.0244,0.2786,1,1,0,133.204
20,20,in,0.2837,single,1,1,0,0,accepted,1,1.0000,1,3.2500,18.3500,-2.7391,3.2808,18.3878,-2.7394,0.0488,0.0181,1,1,0,45.636
20,20,in,0.2837,verify,8,9,40.000,0.9000,accepted,9,1.000000,8,1.4994,16.9631,-1.9282,1.5200,16.9299,-1.9222,0.0390,0.3387,1,1,0,125.389
20,21,in,0.6547,single,1,1,0,0,no-candidate,1,0.0000,1,3.8500,13.5500,-2.1616,3.8968,13.5630,-2.1591,0.0486,0.1431,1,0,0,82.285
20,21,in,0.6547,verify,8,9,40.000,0.9000,no-candidate,0,0.000000,0,3.8500,13.5500,-2.1616,3.8968,13.5630,-2.1591,0.0486,0.1431,1,0,0,178.164
20,22,in,0.5748,single,1,1,0,0,accepted,1,1.0000,1,10.6500,14.5500,-1.4791,10.6639,14.4788,-1.4794,0.0725,0.0188,1,1,0,39.408
20,22,in,0.5748,verify,8,9,40.000,0.9000,accepted,9,1.000000,1,11.0231,12.0792,-1.2994,10.9850,12.1056,-1.3087,0.0464,0.5307,1,1,0,127.893
20,23,in,0.1911,single,1,1,0,0,accepted,1,1.0000,1,12.2500,4.3500,3.1059,12.2647,4.4228,3.1177,0.0743,0.6767,1,1,0,17.743
20,23,in,0.1911,verify,8,9,40.000,0.9000,accepted,9,1.000000,8,10.0631,3.5112,-2.7377,10.0914,3.4685,-2.7282,0.0512,0.5458,1,1,0,96.388
20,24,in,0.0390,single,1,1,0,0,accepted,1,1.0000,1,3.1500,4.8500,1.5309,3.1594,4.8397,1.5255,0.0140,0.3092,1,1,0,6.990
20,24,in,0.0390,verify,8,9,40.000,0.9000,accepted,9,1.000000,8,2.7397,6.2992,-3.0469,2.7210,6.3059,-3.0522,0.0199,0.3017,1,1,0,88.220
20,25,in,0.4193,single,1,1,0,0,accepted,1,1.0000,1,6.5500,8.6500,0.4109,6.4447,8.6085,0.4238,0.1132,0.7366,1,1,0,31.715
20,25,in,0.4193,verify,8,9,40.000,0.9000,accepted,9,1.000000,5,8.1546,7.4778,-0.5225,8.1515,7.4358,-0.5196,0.0421,0.1649,1,1,0,137.628
20,26,in,0.5481,single,1,1,0,0,accepted,1,1.0000,1,10.0500,12.9500,1.2509,10.0355,12.9748,1.2481,0.0287,0.1614,1,1,0,35.157
20,26,in,0.5481,verify,8,9,40.000,0.9000,accepted,9,1.000000,1,10.0783,14.6089,2.4418,10.2559,14.6012,2.4118,0.1778,1.7176,1,1,0,111.641
20,27,in,0.3202,single,1,1,0,0,accepted,1,1.0000,1,15.6500,14.4500,-2.2316,15.6477,14.4058,-2.2402,0.0443,0.4926,1,1,0,23.904
20,27,in,0.3202,verify,8,9,40.000,0.9000,accepted,9,1.000000,8,14.9521,12.1496,-1.7884,14.9232,12.1320,-1.7940,0.0339,0.3231,1,1,0,95.763
20,28,in,0.1632,single,1,1,0,0,accepted,1,1.0000,1,1.0500,11.0500,2.8959,1.1063,11.0627,2.8992,0.0577,0.1908,1,1,0,9.214
20,28,in,0.1632,verify,8,9,40.000,0.9000,accepted,9,1.000000,8,1.4286,9.8763,-0.8525,1.4423,9.8827,-0.8497,0.0152,0.1561,1,1,0,71.155
20,29,in,0.4612,single,1,1,0,0,accepted,1,1.0000,1,13.3500,13.4500,-2.4416,13.3788,13.4410,-2.4425,0.0302,0.0535,1,1,0,28.127
20,29,in,0.4612,verify,8,9,40.000,0.9000,accepted,9,1.000000,4,11.3150,12.2288,-2.6611,11.3388,12.2122,-2.6585,0.0291,0.1469,1,1,0,119.560
20,30,in,0.4418,single,1,1,0,0,accepted,1,1.0000,1,15.0500,16.1500,0.3934,15.0577,16.1777,0.4009,0.0288,0.4288,1,1,0,37.171
20,30,in,0.4418,verify,8,9,40.000,0.9000,accepted,9,1.000000,8,17.1217,17.3664,0.4769,17.1094,17.3712,0.4815,0.0132,0.2641,1,1,0,93.855
20,31,in,0.3109,single,1,1,0,0,accepted,1,1.0000,1,14.0500,12.1500,2.7559,14.0874,12.2062,2.7644,0.0675,0.4855,1,1,0,27.484
20,31,in,0.3109,verify,8,9,40.000,0.9000,accepted,9,1.000000,8,12.0554,13.4401,2.2598,12.0845,13.3970,2.2398,0.0520,1.1494,1,1,0,140.851
20,32,in,0.1098,single,1,1,0,0,accepted,1,1.0000,1,10.7500,19.3500,-1.6541,10.8047,19.3854,-1.6537,0.0651,0.0216,1,1,0,31.210
20,32,in,0.1098,verify,8,9,40.000,0.9000,accepted,9,1.000000,8,11.3019,18.8008,0.2432,11.3402,18.7700,0.2408,0.0492,0.1363,1,1,0,99.299
20,33,in,0.2895,single,1,1,0,0,accepted,1,1.0000,1,13.9500,19.5500,-1.3391,13.9861,19.5337,-1.3518,0.0396,0.7302,1,1,0,41.294
20,33,in,0.2895,verify,8,9,40.000,0.9000,accepted,9,1.000000,8,14.0414,17.1149,-1.6784,14.0835,17.1449,-1.6691,0.0517,0.5334,1,1,0,108.007
20,34,in,0.6183,single,1,1,0,0,no-candidate,1,0.0000,1,12.9500,12.2500,0.4984,12.9893,12.2289,0.5007,0.0446,0.1302,1,0,0,47.330
20,34,in,0.6183,verify,8,9,40.000,0.9000,no-candidate,0,0.000000,0,12.9500,12.2500,0.4984,12.9893,12.2289,0.5007,0.0446,0.1302,1,0,0,173.596
20,35,in,0.4962,single,1,1,0,0,accepted,1,1.0000,1,14.8500,12.6500,1.7759,14.8363,12.6605,1.7808,0.0173,0.2786,1,1,0,45.144
20,35,in,0.4962,verify,8,9,40.000,0.9000,accepted,9,1.000000,3,14.9393,14.4569,0.0364,14.9005,14.4503,0.0394,0.0394,0.1727,1,1,0,147.215
20,36,in,0.7098,single,1,1,0,0,no-candidate,1,0.0000,1,4.3500,12.2500,2.1609,4.3115,12.2807,2.1665,0.0492,0.3212,1,0,0,82.819
20,36,in,0.7098,verify,8,9,40.000,0.9000,no-candidate,0,0.000000,0,4.3500,12.2500,2.1609,4.3115,12.2807,2.1665,0.0492,0.3212,1,0,0,197.662
20,37,in,0.1409,single,1,1,0,0,accepted,1,1.0000,1,7.8500,15.2500,-2.5291,7.8465,15.2826,-2.5272,0.0328,0.1059,1,1,0,9.465
20,37,in,0.1409,verify,8,9,40.000,0.9000,accepted,9,1.000000,8,7.7783,15.7029,2.3429,7.7682,15.7346,2.3416,0.0333,0.0758,1,1,0,151.652
20,38,in,0.4088,single,1,1,0,0,accepted,1,1.0000,1,3.1500,13.4500,-1.8291,3.1703,13.4699,-1.8245,0.0284,0.2659,1,1,0,23.079
20,38,in,0.4088,verify,8,9,40.000,0.9000,accepted,9,1.000000,8,1.6045,11.7452,-2.5427,1.6550,11.6885,-2.5436,0.0760,0.0515,1,1,0,105.546
20,39,in,0.7623,single,1,1,0,0,no-candidate,1,0.0000,1,14.1500,5.2500,-2.9841,14.1610,5.2243,-2.9783,0.0280,0.3328,1,0,0,131.856
20,39,in,0.7623,verify,8,9,40.000,0.9000,no-candidate,0,0.000000,0,14.1500,5.2500,-2.9841,14.1610,5.2243,-2.9783,0.0280,0.3328,1,0,0,468.347
20,40,in,0.6550,single,1,1,0,0,accepted,1,1.0000,1,18.1500,13.0500,-1.1116,18.1730,13.0755,-1.1175,0.0344,0.3370,1,1,0,41.187
20,40,in,0.6550,verify,8,9,40.000,0.9000,no-candidate,9,1.000000,1,19.3185,11.0617,-1.4746,19.2799,11.0150,-1.4882,0.0606,0.7806,1,0,0,179.163
20,41,in,0.0077,single,1,1,0,0,accepted,1,1.0000,1,17.0500,5.5500,3.0884,17.0823,5.5305,3.0871,0.0378,0.0777,1,1,0,12.783
20,41,in,0.0077,verify,8,9,40.000,0.9000,accepted,9,1.000000,8,14.7971,6.0092,2.5178,14.8029,6.0179,2.5135,0.0105,0.2460,1,1,0,83.165
20,42,in,0.3763,single,1,1,0,0,accepted,1,1.0000,1,16.3500,17.9500,-1.0766,16.3248,17.9980,-1.0651,0.0542,0.6596,1,1,0,106.448
20,42,in,0.3763,verify,8,9,40.000,0.9000,accepted,9,1.000000,3,16.4241,15.8768,-0.9808,16.4083,15.9140,-0.9753,0.0404,0.3152,1,1,0,185.651
20,43,in,0.4459,single,1,1,0,0,accepted,1,1.0000,1,3.1500,5.4500,-1.3391,3.1869,5.4168,-1.3349,0.0497,0.2413,1,1,0,105.552
20,43,in,0.4459,verify,8,9,40.000,0.9000,accepted,9,1.000000,1,4.8550,3.9439,-0.3288,4.8715,3.9300,-0.3310,0.0216,0.1290,1,1,0,329.985
20,44,in,0.0983,single,1,1,0,0,accepted,1,1.0000,1,11.6500,18.4500,0.3934,11.6615,18.4490,0.3886,0.0116,0.2764,1,1,0,11.115
20,44,in,0.0983,verify,8,9,40.000,0.9000,accepted,9,1.000000,8,13.4495,19.4786,0.5558,13.4527,19.5082,0.5565,0.0298,0.0401,1,1,0,51.532
20,45,in,0.1075,single,1,1,0,0,accepted,1,1.0000,1,3.4500,16.8500,2.2659,3.5032,16.8651,2.2714,0.0553,0.3133,1,1,0,19.414
20,45,in,0.1075,verify,8,9,40.000,0.9000,accepted,9,1.000000,8,1.4019,17.8274,3.0311,1.3663,17.8072,3.0337,0.0409,0.1526,1,1,0,88.582
20,46,in,0.2453,single,1,1,0,0,accepted,1,1.0000,1,7.2500,13.0500,-0.2016,7.2468,13.0821,-0.2005,0.0322,0.0621,1,1,0,18.698
20,46,in,0.2453,verify,8,9,40.000,0.9000,accepted,9,1.000000,8,9.4093,12.0415,-0.5206,9.4020,12.0807,-0.5205,0.0398,0.0027,1,1,0,96.203
20,47,in,0.3189,single,1,1,0,0,accepted,1,1.0000,1,1.2500,5.8500,2.5984,1.2817,5.8661,2.5980,0.0355,0.0211,1,1,0,35.183
20,47,in,0.3189,verify,8,9,40.000,0.9000,accepted,9,1.000000,8,1.2424,7.3045,0.7572,1.2197,7.3106,0.7525,0.0235,0.2688,1,1,0,175.621
20,48,in,0.2768,single,1,1,0,0,accepted,1,1.0000,1,6.8500,10.7500,-1.3566,6.8502,10.7505,-1.3568,0.0006,0.0141,1,1,0,50.611
20,48,in,0.2768,verify,8,9,40.000,0.9000,accepted,9,1.000000,8,7.2045,10.0604,0.7543,7.2055,10.0700,0.7429,0.0097,0.6519,1,1,0,147.357
20,49,in,0.3985,single,1,1,0,0,accepted,1,1.0000,1,3.8500,10.2500,-2.1091,3.8105,10.2990,-2.1200,0.0630,0.6264,1,1,0,39.214
20,49,in,0.3985,verify,8,9,40.000,0.9000,accepted,9,1.000000,8,4.3865,11.6653,0.9773,4.3780,11.6903,0.9839,0.0265,0.3786,1,1,0,115.954
20,50,in,0.3959,single,1,1,0,0,accepted,1,1.0000,1,11.7500,1.1500,1.2859,11.7781,1.1510,1.2923,0.0281,0.3665,1,1,0,53.179
20,50,in,0.3959,verify,8,9,40.000,0.9000,accepted,9,1.000000,8,12.5988,2.2174,-0.8017,12.5915,2.2218,-0.7945,0.0085,0.4158,1,1,0,225.023
20,51,in,0.1305,single,1,1,0,0,accepted,1,1.0000,1,8.4500,14.6500,-0.5516,8.4338,14.6867,-0.5581,0.0401,0.3746,1,1,0,18.719
20,51,in,0.1305,verify,8,9,40.000,0.9000,accepted,9,1.000000,8,9.4416,14.5936,-0.9917,9.4016,14.5368,-0.9910,0.0695,0.0429,1,1,0,198.351
20,52,in,0.3797,single,1,1,0,0,accepted,1,1.0000,1,16.8500,1.6500,1.5659,16.8406,1.5957,1.5821,0.0551,0.9249,1,1,0,55.306
20,52,in,0.3797,verify,8,9,40.000,0.9000,accepted,9,1.000000,8,16.6312,1.3760,-1.9926,16.6053,1.3692,-1.9925,0.0268,0.0050,1,1,0,128.098
20,53,in,0.5266,single,1,1,0,0,accepted,1,1.0000,1,17.7500,2.2500,-1.8466,17.7875,2.2214,-1.8618,0.0471,0.8720,1,1,0,48.320
20,53,in,0.5266,verify,8,9,40.000,0.9000,accepted,9,1.000000,1,16.6164,0.5436,-1.1347,16.5853,0.5321,-1.1265,0.0333,0.4688,1,1,0,137.954
20,54,in,0.4429,single,1,1,0,0,accepted,1,1.0000,1,7.9500,7.1500,0.1134,7.9092,7.1418,0.1111,0.0416,0.1318,1,1,0,26.446
20,54,in,0.4429,verify,8,9,40.000,0.9000,accepted,9,1.000000,1,10.2221,7.9234,0.3818,10.1867,7.8540,0.3822,0.0779,0.0215,1,1,0,139.613
20,55,in,0.3025,single,1,1,0,0,accepted,1,1.0000,1,18.4500,15.0500,-1.0766,18.4582,15.0145,-1.0744,0.0364,0.1261,1,1,0,20.885
20,55,in,0.3025,verify,8,9,40.000,0.9000,accepted,9,1.000000,8,18.9907,14.3216,2.5164,19.0248,14.3056,2.5163,0.0377,0.0066,1,1,0,92.441
20,56,in,0.3888,single,1,1,0,0,accepted,1,1.0000,1,8.4500,12.5500,-1.6541,8.4013,12.5223,-1.6525,0.0561,0.0896,1,1,0,21.811
20,56,in,0.3888,verify,8,9,40.000,0.9000,accepted,9,1.000000,6,7.9097,10.1640,-2.0024,7.9303,10.1903,-1.9967,0.0334,0.3223,1,1,0,115.522
20,57,in,0.1775,single,1,1,0,0,accepted,1,1.0000,1,14.0500,9.8500,-0.3416,14.0586,9.9061,-0.3318,0.0568,0.5618,1,1,0,10.345
20,57,in,0.1775,verify,8,9,40.000,0.9000,accepted,9,1.000000,8,14.5090,10.8516,2.0214,14.5197,10.9199,2.0295,0.0691,0.4593,1,1,0,97.308
20,58,in,0.6747,single,1,1,0,0,no-candidate,1,0.0000,1,6.4500,16.8500,2.9134,6.4092,16.9185,2.9128,0.0798,0.0353,1,0,0,99.910
20,58,in,0.6747,verify,8,9,40.000,0.9000,no-candidate,0,0.000000,0,6.4500,16.8500,2.9134,6.4092,16.9185,2.9128,0.0798,0.0353,1,0,0,260.846
20,59,in,0.2415,single,1,1,0,0,accepted,1,1.0000,1,3.7500,15.8500,-0.8841,3.8032,15.8918,-0.8802,0.0677,0.2219,1,1,0,23.218
20,59,in,0.2415,verify,8,9,40.000,0.9000,accepted,9,1.000000,8,3.8217,15.8216,2.9269,3.8075,15.8674,2.9318,0.0480,0.2801,1,1,0,104.505
40,0,out,0.4794,single,1,1,0,0,accepted,1,1.0000,1,5.1500,14.5500,0.3759,5.1868,14.5404,0.3681,0.0381,0.4486,1,1,0,231.002
40,0,out,0.4794,verify,8,9,40.000,0.9000,accepted,9,1.000000,8,5.6601,14.0594,-1.6406,5.7103,14.0878,-1.6498,0.0577,0.5304,1,1,0,347.491
40,1,out,0.7857,single,1,1,0,0,no-candidate,1,0.0000,1,10.3500,19.5500,1.4609,38.3581,28.2236,-0.1349,29.3204,91.4314,0,0,0,705.995
40,1,out,0.7857,verify,8,9,40.000,0.9000,no-candidate,0,0.000000,0,10.3500,19.5500,1.4609,38.3581,28.2236,-0.1349,29.3204,91.4314,0,0,0,939.297
40,2,in,0.4114,single,1,1,0,0,accepted,1,1.0000,1,34.5500,24.4500,2.0209,34.4897,24.4111,2.0217,0.0717,0.0449,1,1,0,168.887
40,2,in,0.4114,verify,8,9,40.000,0.9000,accepted,9,1.000000,8,34.0035,26.4824,0.8897,34.0476,26.4528,0.8756,0.0531,0.8070,1,1,0,311.991
40,3,in,0.2874,single,1,1,0,0,accepted,1,1.0000,1,23.1500,25.9500,2.1959,23.1749,25.9814,2.1892,0.0401,0.3868,1,1,0,109.801
40,3,in,0.2874,verify,8,9,40.000,0.9000,accepted,9,1.000000,8,22.1158,28.1313,2.1298,22.1512,28.1302,2.1374,0.0353,0.4331,1,1,0,215.733
40,4,out,0.6881,single,1,1,0,0,no-candidate,1,0.0000,1,1.4500,22.5500,0.7259,1.4782,22.6389,0.7142,0.0932,0.6725,1,0,0,663.709
40,4,out,0.6881,verify,8,9,40.000,0.9000,no-candidate,0,0.000000,0,1.4500,22.5500,0.7259,1.4782,22.6389,0.7142,0.0932,0.6725,1,0,0,952.797
40,5,out,0.5068,single,1,1,0,0,accepted,1,1.0000,1,17.2500,7.4500,0.4284,17.2398,7.4229,0.4343,0.0289,0.3403,1,1,0,164.574
40,5,out,0.5068,verify,8,9,40.000,0.9000,accepted,9,1.000000,8,18.9307,8.6590,-1.4943,18.9569,8.6129,-1.4962,0.0530,0.1092,1,1,0,249.226
40,6,out,0.4593,single,1,1,0,0,accepted,1,1.0000,1,24.8500,7.3500,-0.2891,24.8914,7.3600,-0.2748,0.0426,0.8209,1,1,0,181.786
40,6,out,0.4593,verify,8,9,40.000,0.9000,accepted,9,1.000000,8,27.1883,7.7639,0.6178,27.2012,7.7967,0.6086,0.0352,0.5252,1,1,0,394.474
40,7,out,0.5773,single,1,1,0,0,accepted,1,1.0000,1,26.2500,1.5500,2.2484,26.2543,1.4920,2.2449,0.0582,0.2025,1,1,0,428.413
40,7,out,0.5773,verify,8,9,40.000,0.9000,accepted,9,0.993555,8,25.0459,2.6959,2.9047,25.0185,2.6990,2.9111,0.0275,0.3666,1,1,0,573.271
40,8,out,0.1349,single,1,1,0,0,accepted,1,1.0000,1,2.4500,23.1500,-2.0916,2.4670,23.2123,-2.0970,0.0646,0.3083,1,1,0,140.282
40,8,out,0.1349,verify,8,9,40.000,0.9000,accepted,9,1.000000,8,0.7747,21.6613,-2.6433,0.7385,21.6927,-2.6516,0.0479,0.4718,1,1,0,275.252
40,9,out,0.3238,single,1,1,0,0,accepted,1,1.0000,1,0.9500,10.3500,2.5109,0.9309,10.3694,2.5074,0.0272,0.2024,1,1,0,223.056
40,9,out,0.3238,verify,8,9,40.000,0.9000,accepted,9,1.000000,8,1.3874,11.9207,0.9456,1.3891,11.9542,0.9335,0.0336,0.6962,1,1,0,569.636
40,10,out,0.3906,single,1,1,0,0,accepted,1,1.0000,1,33.6500,38.8500,-3.1241,33.6698,38.8765,-3.1343,0.0330,0.5848,1,1,0,239.168
40,10,out,0.3906,verify,8,9,40.000,0.9000,accepted,9,1.000000,8,31.5017,37.9294,-2.4726,31.5145,37.9439,-2.4724,0.0194,0.0149,1,1,0,351.643
40,11,out,0.7079,single,1,1,0,0,accepted,1,1.0000,1,5.4500,1.1500,0.8659,5.3338,1.1358,0.8735,0.1171,0.4333,1,1,0,755.481
40,11,out,0.7079,verify,8,9,40.000,0.9000,no-candidate,9,0.998476,3,4.6658,1.9882,2.9608,4.7311,2.0169,2.9477,0.0713,0.7485,1,0,0,807.370
40,12,out,0.6354,single,1,1,0,0,accepted,1,1.0000,1,9.6500,24.5500,-1.4966,9.6000,24.5756,-1.4993,0.0562,0.1525,1,1,0,284.641
40,12,out,0.6354,verify,8,9,40.000,0.9000,accepted,9,0.999999,4,10.4626,22.3517,-0.9790,10.4640,22.3614,-0.9762,0.0098,0.1631,1,1,0,480.291
40,13,out,0.0695,single,1,1,0,0,accepted,1,1.0000,1,4.8500,31.4500,-1.6541,4.8623,31.4553,-1.6485,0.0134,0.3191,1,1,0,99.935
40,13,out,0.0695,verify,8,9,40.000,0.9000,accepted,9,1.000000,8,3.3938,29.6512,-2.5404,3.4044,29.6766,-2.5423,0.0275,0.1132,1,1,0,208.320
40,14,in,0.1850,single,1,1,0,0,accepted,1,1.0000,1,26.1500,24.6500,0.3409,26.1436,24.6296,0.3414,0.0213,0.0275,1,1,0,77.519
40,14,in,0.1850,verify,8,9,40.000,0.9000,accepted,9,1.000000,8,28.1068,25.9298,0.8288,28.0870,25.9167,0.8302,0.0237,0.0797,1,1,0,193.990
40,15,in,0.6411,single,1,1,0,0,no-candidate,1,0.0000,1,11.2500,20.8500,0.2709,29.1541,34.0861,-2.8625,22.2655,179.5323,0,0,0,491.457
40,15,in,0.6411,verify,8,9,40.000,0.9000,no-candidate,0,0.000000,0,11.2500,20.8500,0.2709,29.1541,34.0861,-2.8625,22.2655,179.5323,0,0,0,531.487
40,16,out,0.3246,single,1,1,0,0,accepted,1,1.0000,1,36.7500,19.9500,1.3034,36.7967,19.9419,1.2986,0.0474,0.2782,1,1,0,209.387
40,16,out,0.3246,verify,8,9,40.000,0.9000,accepted,9,1.000000,8,36.7698,19.0811,-1.7194,36.7548,19.0443,-1.7144,0.0397,0.2859,1,1,0,401.468
40,17,out,0.5369,single,1,1,0,0,accepted,1,1.0000,1,9.7500,1.3500,0.9534,9.7221,1.3885,0.9449,0.0475,0.4892,1,1,0,436.765
40,17,out,0.5369,verify,8,9,40.000,0.9000,accepted,9,1.000000,8,12.0181,1.6361,-0.1250,11.9656,1.6201,-0.1312,0.0549,0.3559,1,1,0,619.444
40,18,out,0.3683,single,1,1,0,0,accepted,1,1.0000,1,37.9500,36.3500,-0.2191,37.9148,36.3110,-0.2194,0.0525,0.0171,1,1,0,294.726
40,18,out,0.3683,verify,8,9,40.000,0.9000,accepted,9,1.000000,8,39.5551,35.4019,2.8758,39.5064,35.4854,2.8796,0.0966,0.2174,1,1,0,429.667
40,19,out,0.2132,single,1,1,0,0,accepted,1,1.0000,1,35.3500,7.6500,0.5684,35.3071,7.6385,0.5711,0.0444,0.1558,1,1,0,132.244
40,19,out,0.2132,verify,8,9,40.000,0.9000,accepted,9,1.000000,8,36.3136,8.4371,-1.7620,36.2868,8.4049,-1.7643,0.0419,0.1321,1,1,0,219.544
40,20,in,0.5912,single,1,1,0,0,accepted,1,1.0000,1,18.0500,19.6500,-0.0091,18.0458,19.6489,-0.0082,0.0044,0.0518,1,1,0,333.595
40,20,in,0.5912,verify,8,9,40.000,0.9000,accepted,9,1.000000,8,20.4106,19.3474,0.0523,20.3812,19.3444,0.0536,0.0295,0.0795,1,1,0,441.581
40,21,out,0.6655,single,1,1,0,0,accepted,1,1.0000,1,14.3500,25.7500,1.3559,36.2126,31.7951,1.3363,22.6830,1.1213,0,1,1,430.259
40,21,out,0.6655,verify,8,9,40.000,0.9000,no-candidate,9,1.000000,1,13.7059,26.2229,-2.0824,35.9051,32.1800,-2.0956,22.9846,0.7561,0,0,0,494.086
40,22,in,0.3071,single,1,1,0,0,accepted,1,1.0000,1,11.5500,11.2500,-1.7416,11.5948,11.2381,-1.7370,0.0463,0.2644,1,1,0,149.941
40,22,in,0.3071,verify,8,9,40.000,0.9000,accepted,9,1.000000,8,11.2861,10.8051,1.9422,11.2771,10.8011,1.9441,0.0099,0.1083,1,1,0,244.795
40,23,in,0.6123,single,1,1,0,0,accepted,1,1.0000,1,12.2500,11.4500,-2.0916,12.2741,11.4500,-2.1064,0.0241,0.8478,1,1,0,308.831
40,23,in,0.6123,verify,8,9,40.000,0.9000,accepted,9,0.999205,8,12.1073,10.5102,0.7420,12.0512,10.5425,0.7382,0.0647,0.2188,1,1,0,468.808
40,24,out,0.2687,single,1,1,0,0,accepted,1,1.0000,1,1.2500,10.1500,3.0709,1.2509,10.1462,3.0670,0.0039,0.2262,1,1,0,143.881
40,24,out,0.2687,verify,8,9,40.000,0.9000,accepted,9,1.000000,8,1.0858,9.1054,-1.4129,1.0682,9.1098,-1.4198,0.0181,0.3927,1,1,0,455.519
40,25,out,0.4006,single,1,1,0,0,accepted,1,1.0000,1,16.6500,26.6500,-0.1666,23.2851,9.9218,2.9571,17.9960,178.9763,0,1,1,257.555
40,25,out,0.4006,verify,8,9,40.000,0.9000,accepted,9,0.933764,8,20.8937,10.2041,2.9200,20.9065,10.2151,2.9255,0.0170,0.3155,1,1,0,209.839
40,26,in,0.7904,single,1,1,0,0,no-candidate,1,0.0000,1,13.9500,21.9500,2.3359,13.4479,26.4380,-0.8884,4.5160,175.2619,0,0,0,713.419
40,26,in,0.7904,verify,8,9,40.000,0.9000,no-candidate,0,0.000000,0,13.9500,21.9500,2.3359,13.4479,26.4380,-0.8884,4.5160,175.2619,0,0,0,899.166
40,27,in,0.2683,single,1,1,0,0,accepted,1,1.0000,1,12.9500,23.1500,2.2484,12.9902,23.1315,2.2546,0.0442,0.3540,1,1,0,128.880
40,27,in,0.2683,verify,8,9,40.000,0.9000,accepted,9,1.000000,8,11.8149,24.7836,0.8041,11.7730,24.8279,0.7895,0.0610,0.8363,1,1,0,261.638
40,28,out,0.1368,single,1,1,0,0,accepted,1,1.0000,1,37.8500,17.2500,0.2534,37.8786,17.3089,0.2504,0.0655,0.1700,1,1,0,124.555
40,28,out,0.1368,verify,8,9,40.000,0.9000,accepted,9,1.000000,8,39.4844,17.5584,-1.8277,39.4937,17.6327,-1.8230,0.0748,0.2679,1,1,0,257.606
40,29,out,0.4757,single,1,1,0,0,accepted,1,1.0000,1,32.5500,4.9500,-1.5841,32.5853,4.9617,-1.5784,0.0372,0.3246,1,1,0,236.405
40,29,out,0.4757,verify,8,9,40.000,0.9000,accepted,9,1.000000,8,32.8073,4.4964,1.4782,32.8490,4.5072,1.4843,0.0431,0.3520,1,1,0,356.055
40,30,in,0.0234,single,1,1,0,0,accepted,1,1.0000,1,24.6500,12.4500,2.8959,24.6577,12.4414,2.8923,0.0115,0.2055,1,1,0,25.099
40,30,in,0.0234,verify,8,9,40.000,0.9000,accepted,9,0.999999,8,22.3181,12.7490,2.5590,22.3363,12.7451,2.5523,0.0186,0.3856,1,1,0,94.491
40,31,in,0.7920,single,1,1,0,0,no-candidate,1,0.0000,1,15.0500,24.3500,2.2309,34.1641,18.2580,2.1151,20.0615,6.6368,0,0,0,749.765
40,31,in,0.7920,verify,8,9,40.000,0.9000,no-candidate,0,0.000000,0,15.0500,24.3500,2.2309,34.1641,18.2580,2.1151,20.0615,6.6368,0,0,0,994.989
40,32,in,0.6126,single,1,1,0,0,accepted,1,1.0000,1,34.1500,31.5500,-0.3066,34.1477,31.5327,-0.3162,0.0174,0.5486,1,1,0,401.612
40,32,in,0.6126,verify,8,9,40.000,0.9000,accepted,9,0.950165,5,36.5079,31.3157,0.0787,36.5156,31.2719,0.0773,0.0445,0.0775,1,1,0,698.078
40,33,out,0.7658,single,1,1,0,0,no-candidate,1,0.0000,1,13.2500,18.6500,2.7909,2.8508,7.5294,-1.9335,15.2253,89.3100,0,0,0,868.197
40,33,out,0.7658,verify,8,9,40.000,0.9000,no-candidate,0,0.000000,0,13.2500,18.6500,2.7909,2.8508,7.5294,-1.9335,15.2253,89.3100,0,0,0,1044.403
40,34,out,0.7379,single,1,1,0,0,no-candidate,1,0.0000,1,14.8500,2.5500,-2.1616,22.8888,0.5919,0.9923,8.2739,179.2931,0,0,0,790.358
40,34,out,0.7379,verify,8,9,40.000,0.9000,no-candidate,0,0.000000,0,14.8500,2.5500,-2.1616,22.8888,0.5919,0.9923,8.2739,179.2931,0,0,0,1020.185
40,35,out,0.5326,single,1,1,0,0,accepted,1,1.0000,1,9.0500,21.8500,-0.7441,9.0301,21.9372,-0.7487,0.0894,0.2612,1,1,0,332.435
40,35,out,0.5326,verify,8,9,40.000,0.9000,accepted,9,1.000000,8,9.3827,23.9864,1.3475,9.4042,23.9872,1.3483,0.0215,0.0454,1,1,0,482.909
40,36,out,0.1936,single,1,1,0,0,accepted,1,1.0000,1,23.4500,6.5500,2.5809,23.4811,6.5689,2.5805,0.0364,0.0210,1,1,0,82.589
40,36,out,0.1936,verify,8,9,40.000,0.9000,accepted,9,1.000000,8,21.1999,7.2581,3.1277,21.2294,7.2374,3.1242,0.0361,0.2015,1,1,0,206.164
40,37,out,0.1265,single,1,1,0,0,accepted,1,1.0000,1,8.5500,35.3500,-3.1066,8.5816,35.3761,-3.0950,0.0409,0.6661,1,1,0,75.369
40,37,out,0.1265,verify,8,9,40.000,0.9000,accepted,9,1.000000,8,6.2565,35.0501,-2.9996,6.2207,35.0300,-2.9952,0.0410,0.2513,1,1,0,145.977
40,38,in,0.0225,single,1,1,0,0,accepted,1,1.0000,1,14.6500,18.4500,-1.8466,14.6688,18.4940,-1.8532,0.0478,0.3787,1,1,0,25.030
40,38,in,0.0225,verify,8,9,40.000,0.9000,accepted,9,1.000000,8,13.5965,16.3813,-1.8002,13.5593,16.3863,-1.8097,0.0376,0.5402,1,1,0,104.593
40,39,out,0.0232,single,1,1,0,0,accepted,1,1.0000,1,33.3500,9.9500,-1.6891,33.3868,9.9883,-1.6729,0.0531,0.9261,1,1,0,53.599
40,39,out,0.0232,verify,8,9,40.000,0.9000,accepted,9,0.999991,8,33.9331,11.6539,1.2801,33.9599,11.6895,1.2918,0.0446,0.6683,1,1,0,110.495
40,40,out,0.2605,single,1,1,0,0,accepted,1,1.0000,1,3.3500,33.8500,0.1134,3.3478,33.9403,0.1075,0.0903,0.3408,1,1,0,169.315
40,40,out,0.2605,verify,8,9,40.000,0.9000,accepted,9,0.999340,8,3.6697,35.9998,1.3650,3.6701,35.9664,1.3754,0.0334,0.5910,1,1,0,239.230
40,41,in,0.2335,single,1,1,0,0,accepted,1,1.0000,1,34.4500,32.2500,0.8134,34.4005,32.2616,0.8133,0.0508,0.0040,1,1,0,132.771
40,41,in,0.2335,verify,8,9,40.000,0.9000,accepted,9,0.999895,8,36.4291,32.5776,-0.0603,36.4074,32.5825,-0.0647,0.0223,0.2518,1,1,0,221.132
40,42,in,0.5705,single,1,1,0,0,accepted,1,1.0000,1,15.8500,25.2500,-0.6566,29.4848,29.1892,2.4812,14.1924,179.7802,0,1,1,273.283
40,42,in,0.5705,verify,8,9,40.000,0.9000,accepted,9,0.999998,8,28.0940,31.0559,1.9267,28.0577,30.9908,1.9127,0.0746,0.8020,1,1,0,388.222
40,43,out,0.1540,single,1,1,0,0,accepted,1,1.0000,1,39.0500,21.1500,-0.1841,39.0085,21.2229,-0.1779,0.0839,0.3555,1,1,0,149.983
40,43,out,0.1540,verify,8,9,40.000,0.9000,accepted,9,1.000000,8,39.4042,20.4931,-1.8500,39.4414,20.4788,-1.8562,0.0398,0.3564,1,1,0,365.030
40,44,out,0.7288,single,1,1,0,0,no-candidate,1,0.0000,1,2.4500,25.6500,1.9509,2.4900,25.5791,1.9450,0.0814,0.3408,1,0,0,796.738
40,44,out,0.7288,verify,8,9,40.000,0.9000,no-candidate,0,0.000000,0,2.4500,25.6500,1.9509,2.4900,25.5791,1.9450,0.0814,0.3408,1,0,0,1024.479
40,45,out,0.6253,single,1,1,0,0,accepted,1,1.0000,1,31.9500,4.7500,-2.6691,32.0535,4.7941,-2.6562,0.1125,0.7359,1,1,0,505.644
40,45,out,0.6253,verify,8,9,40.000,0.9000,accepted,9,1.000000,1,30.2280,4.0164,2.7649,30.3383,4.0206,2.7766,0.1104,0.6720,1,1,0,583.160
40,46,in,0.2245,single,1,1,0,0,accepted,1,1.0000,1,19.3500,30.8500,1.9684,19.2975,30.7895,1.9676,0.0801,0.0476,1,1,0,91.500
40,46,in,0.2245,verify,8,9,40.000,0.9000,accepted,9,1.000000,8,19.0458,32.5086,2.2503,19.0007,32.5189,2.2532,0.0462,0.1683,1,1,0,194.098
40,47,in,0.1003,single,1,1,0,0,accepted,1,1.0000,1,26.4500,30.1500,2.9309,26.4351,30.1683,2.9219,0.0236,0.5144,1,1,0,53.900
40,47,in,0.1003,verify,8,9,40.000,0.9000,accepted,9,1.000000,8,24.0678,30.5119,2.8553,24.0805,30.5015,2.8513,0.0164,0.2286,1,1,0,161.351
40,48,out,0.4966,single,1,1,0,0,accepted,1,1.0000,1,1.1500,22.9500,2.4759,1.1522,22.9523,2.4697,0.0032,0.3542,1,1,0,568.534
40,48,out,0.4966,verify,8,9,40.000,0.9000,accepted,9,1.000000,6,1.5689,24.3383,0.5670,1.6255,24.3416,0.5614,0.0567,0.3200,1,1,0,815.016
40,49,in,0.0824,single,1,1,0,0,accepted,1,1.0000,1,18.0500,12.2500,0.0959,18.0474,12.2903,0.0996,0.0404,0.2123,1,1,0,52.615
40,49,in,0.0824,verify,8,9,40.000,0.9000,accepted,9,1.000000,8,20.3865,12.2192,0.1746,20.3660,12.1926,0.1771,0.0336,0.1464,1,1,0,124.486
40,50,out,0.3419,single,1,1,0,0,accepted,1,1.0000,1,1.4500,15.0500,-1.2341,1.4904,15.0575,-1.2359,0.0411,0.1057,1,1,0,218.296
40,50,out,0.3419,verify,8,9,40.000,0.9000,accepted,9,1.000000,8,1.5868,12.7183,-1.7343,1.6413,12.7130,-1.7320,0.0548,0.1327,1,1,0,355.295
40,51,out,0.2794,single,1,1,0,0,accepted,1,1.0000,1,17.3500,36.7500,1.6534,17.3810,36.7046,1.6503,0.0549,0.1779,1,1,0,119.049
40,51,out,0.2794,verify,8,9,40.000,0.9000,accepted,9,1.000000,8,17.2536,39.0703,1.4143,17.2262,39.0828,1.4170,0.0300,0.1563,1,1,0,193.557
40,52,out,0.1236,single,1,1,0,0,accepted,1,1.0000,1,39.1500,17.1500,2.8259,39.1132,17.1791,2.8238,0.0470,0.1232,1,1,0,92.245
40,52,out,0.1236,verify,8,9,40.000,0.9000,accepted,9,1.000000,8,37.0074,18.3841,2.6593,37.0418,18.3688,2.6458,0.0377,0.7716,1,1,0,244.968
40,53,out,0.6741,single,1,1,0,0,no-candidate,1,0.0000,1,14.9500,0.9500,-1.3916,14.9052,0.9871,-1.4102,0.0582,1.0685,1,0,0,630.125
40,53,out,0.6741,verify,8,9,40.000,0.9000,no-candidate,0,0.000000,0,14.9500,0.9500,-1.3916,14.9052,0.9871,-1.4102,0.0582,1.0685,1,0,0,918.028
40,54,out,0.3061,single,1,1,0,0,accepted,1,1.0000,1,3.8500,13.3500,-0.5691,3.8861,13.2809,-0.5642,0.0780,0.2779,1,1,0,226.803
40,54,out,0.3061,verify,8,9,40.000,0.9000,accepted,9,1.000000,8,6.2597,12.7648,-0.1384,6.2046,12.7325,-0.1300,0.0639,0.4805,1,1,0,355.019
40,55,out,0.4846,single,1,1,0,0,accepted,1,1.0000,1,25.7500,8.9500,0.6909,25.7524,8.9147,0.6981,0.0354,0.4108,1,1,0,283.573
40,55,out,0.4846,verify,8,9,40.000,0.9000,accepted,9,1.000000,8,26.5593,11.1018,1.0874,26.5841,11.1202,1.0876,0.0309,0.0089,1,1,0,428.677
40,56,out,0.0016,single,1,1,0,0,accepted,1,1.0000,1,26.5500,36.7500,1.6709,26.5485,36.7274,1.6745,0.0227,0.2061,1,1,0,31.377
40,56,out,0.0016,verify,8,9,40.000,0.9000,accepted,9,1.000000,8,25.8760,39.0282,1.7010,25.9097,39.0141,1.6977,0.0365,0.1894,1,1,0,117.922
40,57,out,0.2723,single,1,1,0,0,accepted,1,1.0000,1,2.1500,31.5500,-0.7441,2.1794,31.5896,-0.7514,0.0493,0.4209,1,1,0,178.321
40,57,out,0.2723,verify,8,9,40.000,0.9000,accepted,9,1.000000,8,2.9968,29.3712,-0.8197,3.0254,29.3984,-0.8181,0.0395,0.0938,1,1,0,396.502
40,58,in,0.3541,single,1,1,0,0,accepted,1,1.0000,1,25.6500,12.2500,2.6684,25.5971,12.2033,2.6660,0.0706,0.1403,1,1,0,167.829
40,58,in,0.3541,verify,8,9,40.000,0.9000,accepted,9,0.999831,8,23.4781,13.3009,2.3676,23.5010,13.3046,2.3715,0.0232,0.2216,1,1,0,207.145
40,59,out,0.1566,single,1,1,0,0,accepted,1,1.0000,1,9.8500,4.4500,1.8109,9.8541,4.4786,1.8000,0.0289,0.6238,1,1,0,132.381
40,59,out,0.1566,verify,8,9,40.000,0.9000,accepted,9,1.000000,8,9.8441,6.7653,1.3762,9.8550,6.8045,1.3715,0.0406,0.2703,1,1,0,232.094
40,60,out,0.2872,single,1,1,0,0,accepted,1,1.0000,1,23.1500,4.3500,-0.0791,23.1289,4.4006,-0.0696,0.0548,0.5411,1,1,0,209.462
40,60,out,0.2872,verify,8,9,40.000,0.9000,accepted,9,1.000000,8,23.3263,3.9588,0.2345,23.2991,4.0025,0.2460,0.0515,0.6558,1,1,0,354.307
40,61,out,0.2202,single,1,1,0,0,accepted,1,1.0000,1,4.5500,23.1500,-2.1441,4.5272,23.2165,-2.1521,0.0703,0.4588,1,1,0,170.572
40,61,out,0.2202,verify,8,9,40.000,0.9000,accepted,9,1.000000,8,3.0690,21.7128,0.2952,2.9692,21.8152,0.2619,0.1429,1.9072,1,1,0,223.196
40,62,in,0.0527,single,1,1,0,0,accepted,1,1.0000,1,31.5500,16.7500,2.4934,31.5539,16.7347,2.4891,0.0158,0.2452,1,1,0,81.959
40,62,in,0.0527,verify,8,9,40.000,0.9000,accepted,9,1.000000,8,30.0439,18.6174,2.0860,30.0472,18.5877,2.0927,0.0298,0.3813,1,1,0,166.194
40,63,in,0.5939,single,1,1,0,0,accepted,1,1.0000,1,34.6500,19.6500,0.9009,34.6681,19.5849,0.8997,0.0676,0.0694,1,1,0,471.010
40,63,in,0.5939,verify,8,9,40.000,0.9000,accepted,9,1.000000,1,36.8953,19.7322,-0.3804,36.9298,19.6743,-0.3931,0.0674,0.7266,1,1,0,815.056
40,64,in,0.1267,single,1,1,0,0,accepted,1,1.0000,1,17.3500,22.7500,0.8659,17.3794,22.8057,0.8709,0.0630,0.2860,1,1,0,103.478
40,64,in,0.1267,verify,8,9,40.000,0.9000,accepted,9,1.000000,8,18.8958,24.6582,0.7740,18.9278,24.6284,0.7774,0.0437,0.1937,1,1,0,276.734
40,65,in,0.6752,single,1,1,0,0,accepted,1,1.0000,1,34.2500,28.1500,2.7559,34.2909,28.1598,2.7744,0.0420,1.0593,1,1,0,487.013
40,65,in,0.6752,verify,8,9,40.000,0.9000,ambiguous,9,0.787961,8,31.9464,28.1627,-2.9043,31.9200,28.1699,-2.8953,0.0274,0.5155,1,0,0,686.544
40,66,out,0.0552,single,1,1,0,0,accepted,1,1.0000,1,2.5500,25.2500,0.1484,2.5948,25.1703,0.1561,0.0914,0.4434,1,1,0,68.609
40,66,out,0.0552,verify,8,9,40.000,0.9000,accepted,9,1.000000,8,4.9087,25.4238,0.1595,4.9591,25.4505,0.1509,0.0570,0.4919,1,1,0,150.203
40,67,out,0.0329,single,1,1,0,0,accepted,1,1.0000,1,2.9500,14.6500,-2.2841,2.9842,14.5973,-2.2906,0.0628,0.3726,1,1,0,108.496
40,67,out,0.0329,verify,8,9,40.000,0.9000,accepted,9,1.000000,8,1.3606,12.8039,-2.3020,1.4177,12.8148,-2.2955,0.0581,0.3698,1,1,0,192.773
40,68,in,0.4501,single,1,1,0,0,accepted,1,1.0000,1,16.2500,23.7500,1.2334,16.2468,23.7924,1.2303,0.0425,0.1764,1,1,0,195.869
40,68,in,0.4501,verify,8,9,40.000,0.9000,accepted,9,1.000000,8,16.2333,26.1184,1.9038,16.2564,26.0991,1.9112,0.0301,0.4218,1,1,0,502.698
40,69,out,0.5763,single,1,1,0,0,accepted,1,1.0000,1,0.7500,9.4500,-2.6166,0.7892,9.4318,-2.6048,0.0432,0.6760,1,1,0,628.672
40,69,out,0.5763,verify,8,9,40.000,0.9000,accepted,9,1.000000,1,1.7340,9.2539,-0.3310,1.6926,9.2231,-0.3250,0.0516,0.3415,1,1,0,786.758
40,70,out,0.7114,single,1,1,0,0,no-candidate,1,0.0000,1,16.6500,25.3500,2.9309,10.1319,5.1378,-0.2089,21.2372,179.9003,0,0,0,596.651
40,70,out,0.7114,verify,8,9,40.000,0.9000,no-candidate,0,0.000000,0,16.6500,25.3500,2.9309,10.1319,5.1378,-0.2089,21.2372,179.9003,0,0,0,1058.208
40,71,in,0.3405,single,1,1,0,0,accepted,1,1.0000,1,23.3500,18.3500,2.0209,23.3146,18.3869,2.0207,0.0512,0.0135,1,1,0,107.466
40,71,in,0.3405,verify,8,9,40.000,0.9000,accepted,9,1.000000,8,22.8919,20.7432,1.5156,22.8781,20.7232,1.5215,0.0244,0.3433,1,1,0,243.013
40,72,in,0.2657,single,1,1,0,0,accepted,1,1.0000,1,19.5500,15.4500,-2.1966,19.5766,15.3867,-2.1910,0.0687,0.3221,1,1,0,93.119
40,72,in,0.2657,verify,8,9,40.000,0.9000,accepted,9,1.000000,8,20.7084,14.4535,-0.9202,20.7318,14.4523,-0.9108,0.0234,0.5402,1,1,0,213.210
40,73,out,0.6627,single,1,1,0,0,no-candidate,1,0.0000,1,0.8500,28.1500,2.3184,0.9060,28.2049,2.3184,0.0784,0.0017,1,0,0,567.270
40,73,out,0.6627,verify,8,9,40.000,0.9000,no-candidate,0,0.000000,0,0.8500,28.1500,2.3184,0.9060,28.2049,2.3184,0.0784,0.0017,1,0,0,711.535
40,74,in,0.2843,single,1,1,0,0,accepted,1,1.0000,1,29.5500,33.9500,0.9884,29.5606,33.9199,0.9822,0.0319,0.3531,1,1,0,268.452
40,74,in,0.2843,verify,8,9,40.000,0.9000,accepted,9,1.000000,8,28.8879,34.2297,3.0367,28.8276,34.2742,3.0416,0.0750,0.2845,1,1,0,379.858
40,75,in,0.5636,single,1,1,0,0,accepted,1,1.0000,1,20.2500,12.1500,-2.3016,20.2026,12.1810,-2.2823,0.0566,1.1071,1,1,0,402.570
40,75,in,0.5636,verify,8,9,40.000,0.9000,accepted,9,0.999997,8,18.1159,10.9566,-2.2970,18.1879,10.9416,-2.2907,0.0736,0.3628,1,1,0,379.506
40,76,out,0.3967,single,1,1,0,0,accepted,1,1.0000,1,39.2500,5.0500,-1.5491,39.2202,5.0159,-1.5570,0.0453,0.4534,1,1,0,348.713
40,76,out,0.3967,verify,8,9,40.000,0.9000,accepted,9,1.000000,8,38.7305,4.5127,-1.1048,38.7190,4.4974,-1.1004,0.0191,0.2524,1,1,0,641.437
40,77,in,0.3832,single,1,1,0,0,accepted,1,1.0000,1,23.4500,16.3500,0.8134,23.4659,16.3809,0.8271,0.0347,0.7826,1,1,0,180.962
40,77,in,0.3832,verify,8,9,40.000,0.9000,accepted,9,1.000000,8,22.2276,17.1914,2.6252,22.2091,17.2180,2.6155,0.0325,0.5560,1,1,0,393.037
40,78,in,0.2962,single,1,1,0,0,accepted,1,1.0000,1,35.4500,14.3500,1.1109,35.4408,14.2998,1.1069,0.0510,0.2288,1,1,0,128.381
40,78,in,0.2962,verify,8,9,40.000,0.9000,accepted,9,0.992729,8,34.1896,14.0448,-2.7868,34.1803,14.0703,-2.7806,0.0272,0.3588,1,1,0,317.560
40,79,in,0.1103,single,1,1,0,0,accepted,1,1.0000,1,23.2500,26.6500,1.4784,23.2747,26.6161,1.4879,0.0419,0.5439,1,1,0,68.304
40,79,in,0.1103,verify,8,9,40.000,0.9000,accepted,9,1.000000,8,23.2257,24.5754,-1.4676,23.2175,24.5283,-1.4618,0.0478,0.3344,1,1,0,267.387
40,80,in,0.0787,single,1,1,0,0,accepted,1,1.0000,1,32.7500,26.5500,0.3584,32.7100,26.5799,0.3626,0.0500,0.2428,1,1,0,62.760
40,80,in,0.0787,verify,8,9,40.000,0.9000,accepted,9,1.000000,8,32.2833,26.0657,0.9636,32.3693,26.0306,0.9195,0.0929,2.5280,1,1,0,148.895
40,81,in,0.0732,single,1,1,0,0,accepted,1,1.0000,1,24.3500,25.6500,1.6709,24.3580,25.6422,1.6672,0.0112,0.2110,1,1,0,63.917
40,81,in,0.0732,verify,8,9,40.000,0.9000,accepted,9,1.000000,8,23.3119,25.9264,-2.5084,23.3294,25.9503,-2.5047,0.0296,0.2114,1,1,0,161.907
40,82,in,0.0176,single,1,1,0,0,accepted,1,1.0000,1,24.7500,11.4500,-1.0591,24.6750,11.4770,-1.0657,0.0797,0.3812,1,1,0,73.405
40,82,in,0.0176,verify,8,9,40.000,0.9000,accepted,9,1.000000,8,26.4169,10.0955,-0.2944,26.4555,10.0705,-0.3000,0.0460,0.3240,1,1,0,143.131
40,83,in,0.2191,single,1,1,0,0,accepted,1,1.0000,1,31.0500,30.5500,-2.6166,31.0552,30.5666,-2.6118,0.0173,0.2718,1,1,0,85.560
40,83,in,0.2191,verify,8,9,40.000,0.9000,accepted,9,1.000000,8,29.0395,29.2739,-2.4456,29.0259,29.2993,-2.4497,0.0288,0.2354,1,1,0,168.888
40,84,in,0.0252,single,1,1,0,0,accepted,1,1.0000,1,30.8500,13.0500,-2.5641,30.8133,13.0592,-2.5658,0.0378,0.1001,1,1,0,23.770
40,84,in,0.0252,verify,8,9,40.000,0.9000,accepted,9,1.000000,8,28.7854,11.7125,-2.4758,28.8241,11.7352,-2.4764,0.0449,0.0347,1,1,0,72.219
40,85,in,0.2279,single,1,1,0,0,accepted,1,1.0000,1,20.3500,14.3500,0.4459,20.3739,14.3434,0.4448,0.0248,0.0620,1,1,0,59.216
40,85,in,0.2279,verify,8,9,40.000,0.9000,accepted,9,1.000000,8,22.6375,13.7248,-0.5909,22.6030,13.7573,-0.5894,0.0474,0.0848,1,1,0,143.432
40,86,out,0.0233,single,1,1,0,0,accepted,1,1.0000,1,17.8500,36.0500,-3.0016,17.8195,36.0513,-3.0081,0.0305,0.3750,1,1,0,38.751
40,86,out,0.0233,verify,8,9,40.000,0.9000,accepted,9,1.000000,8,15.4405,35.9888,-2.9343,15.4337,36.0353,-2.9283,0.0469,0.3448,1,1,0,134.055
40,87,out,0.7073,single,1,1,0,0,no-candidate,1,0.0000,1,18.5500,3.9500,-0.4991,21.4607,38.9959,2.6581,35.1665,179.1046,0,0,0,473.540
40,87,out,0.7073,verify,8,9,40.000,0.9000,no-candidate,0,0.000000,0,18.5500,3.9500,-0.4991,21.4607,38.9959,2.6581,35.1665,179.1046,0,0,0,563.569
40,88,in,0.5492,single,1,1,0,0,accepted,1,1.0000,1,16.3500,10.8500,2.7559,27.6772,10.8350,2.7547,11.3273,0.0687,0,1,1,218.500
40,88,in,0.5492,verify,8,9,40.000,0.9000,accepted,9,0.999464,8,25.4652,10.8282,-2.6067,25.4231,10.8268,-2.6146,0.0420,0.4534,1,1,0,339.663
40,89,in,0.6791,single,1,1,0,0,accepted,1,1.0000,1,11.1500,29.9500,2.4234,28.7988,18.5384,-0.7162,21.0168,179.8864,0,1,1,377.835
40,89,in,0.6791,verify,8,9,40.000,0.9000,no-candidate,9,0.945910,8,29.8217,16.3486,-1.2251,29.8927,16.4395,-1.2211,0.1153,0.2262,1,0,0,768.233
40,90,out,0.0286,single,1,1,0,0,accepted,1,1.0000,1,9.5500,33.9500,-1.6891,9.5384,33.9715,-1.6895,0.0244,0.0213,1,1,0,72.839
40,90,out,0.0286,verify,8,9,40.000,0.9000,accepted,9,1.000000,8,7.9122,35.1421,2.2219,7.9020,35.2100,2.2157,0.0687,0.3584,1,1,0,190.868
40,91,out,0.6795,single,1,1,0,0,no-candidate,1,0.0000,1,15.8500,2.3500,-2.8441,17.4235,2.3582,-2.8406,1.5735,0.2002,0,0,0,742.586
40,91,out,0.6795,verify,8,9,40.000,0.9000,no-candidate,0,0.000000,0,15.8500,2.3500,-2.8441,17.4235,2.3582,-2.8406,1.5735,0.2002,0,0,0,853.182
40,92,out,0.6956,single,1,1,0,0,no-candidate,1,0.0000,1,10.9500,20.6500,-1.0591,39.3488,20.0188,-2.6580,28.4058,91.6109,0,0,0,660.868
40,92,out,0.6956,verify,8,9,40.000,0.9000,no-candidate,0,0.000000,0,10.9500,20.6500,-1.0591,39.3488,20.0188,-2.6580,28.4058,91.6109,0,0,0,922.660
40,93,in,0.6976,single,1,1,0,0,accepted,1,1.0000,1,11.9500,10.5500,-1.1816,11.8674,10.5351,-1.1849,0.0839,0.1870,1,1,0,419.064
40,93,in,0.6976,verify,8,9,40.000,0.9000,no-candidate,9,1.000000,1,11.2120,11.2511,2.2534,11.2338,11.2504,2.2431,0.0218,0.5902,1,0,0,520.176
40,94,in,0.1047,single,1,1,0,0,accepted,1,1.0000,1,13.6500,30.7500,-1.2691,13.6096,30.7558,-1.2754,0.0408,0.3586,1,1,0,52.008
40,94,in,0.1047,verify,8,9,40.000,0.9000,accepted,9,1.000000,8,14.3098,28.4983,-1.2329,14.3590,28.5011,-1.2293,0.0493,0.2041,1,1,0,128.679
40,95,in,0.1986,single,1,1,0,0,accepted,1,1.0000,1,12.7500,10.1500,-0.8491,12.7683,10.1542,-0.8522,0.0188,0.1759,1,1,0,77.401
40,95,in,0.1986,verify,8,9,40.000,0.9000,accepted,9,1.000000,8,14.6250,10.5363,0.4823,14.5930,10.5517,0.4781,0.0356,0.2431,1,1,0,190.759
40,96,out,0.4501,single,1,1,0,0,accepted,1,1.0000,1,23.4500,0.4500,1.1109,23.4407,0.4909,1.1060,0.0419,0.2802,1,1,0,250.230
40,96,out,0.4501,verify,8,9,40.000,0.9000,ambiguous,9,0.786774,8,25.3429,1.6285,-0.0523,25.3952,1.6250,-0.0561,0.0524,0.2211,1,0,0,453.057
40,97,out,0.2877,single,1,1,0,0,accepted,1,1.0000,1,4.5500,31.5500,-1.9866,4.5516,37.9873,-1.9824,6.4373,0.2375,0,1,1,266.337
40,97,out,0.2877,verify,8,9,40.000,0.9000,accepted,9,0.998911,8,3.2733,35.9718,-1.9065,3.3238,35.9554,-1.9102,0.0530,0.2094,1,1,0,338.422
40,98,out,0.5652,single,1,1,0,0,accepted,1,1.0000,1,37.8500,1.2500,2.2834,37.8617,1.2707,2.2899,0.0238,0.3704,1,1,0,874.939
40,98,out,0.5652,verify,8,9,40.000,0.9000,accepted,9,1.000000,6,36.6676,2.6488,-2.3262,36.6674,2.5907,-2.3345,0.0581,0.4772,1,1,0,734.239
40,99,out,0.1324,single,1,1,0,0,accepted,1,1.0000,1,9.9500,32.6500,-0.2191,9.9818,32.6233,-0.2092,0.0416,0.5660,1,1,0,98.891
40,99,out,0.1324,verify,8,9,40.000,0.9000,accepted,9,1.000000,8,12.3057,32.4911,-0.0632,12.3108,32.4738,-0.0602,0.0180,0.1699,1,1,0,194.512
40,100,in,0.4635,single,1,1,0,0,accepted,1,1.0000,1,11.0500,29.9500,-2.9316,11.0258,30.0004,-2.9410,0.0559,0.5418,1,1,0,325.177
40,100,in,0.4635,verify,8,9,40.000,0.9000,accepted,9,1.000000,8,11.6664,31.0881,0.6487,11.6941,31.0727,0.6480,0.0316,0.0394,1,1,0,446.397
40,101,out,0.7199,single,1,1,0,0,no-candidate,1,0.0000,1,4.0500,31.2500,1.0234,4.0212,31.1721,1.0380,0.0830,0.8364,1,0,0,891.437
40,101,out,0.7199,verify,8,9,40.000,0.9000,no-candidate,0,0.000000,0,4.0500,31.2500,1.0234,4.0212,31.1721,1.0380,0.0830,0.8364,1,0,0,1005.773
40,102,in,0.2985,single,1,1,0,0,accepted,1,1.0000,1,15.3500,13.4500,1.1809,15.3314,13.4152,1.1802,0.0394,0.0388,1,1,0,86.163
40,102,in,0.2985,verify,8,9,40.000,0.9000,accepted,9,1.000000,8,14.5090,14.5391,3.1069,14.5506,14.5121,3.1141,0.0495,0.4141,1,1,0,135.810
40,103,out,0.5300,single,1,1,0,0,accepted,1,1.0000,1,6.4500,31.1500,2.5984,6.4938,31.1471,2.6031,0.0439,0.2675,1,1,0,339.283
40,103,out,0.5300,verify,8,9,40.000,0.9000,accepted,9,1.000000,8,7.1882,30.5537,-0.5516,7.2250,30.6172,-0.5586,0.0734,0.4027,1,1,0,484.531
40,104,in,0.2391,single,1,1,0,0,accepted,1,1.0000,1,14.1500,23.0500,1.7059,14.1756,23.0995,1.7153,0.0557,0.5354,1,1,0,98.723
40,104,in,0.2391,verify,8,9,40.000,0.9000,accepted,9,1.000000,8,13.7712,25.4566,1.6408,13.7882,25.4444,1.6313,0.0209,0.5498,1,1,0,259.390
40,105,in,0.1456,single,1,1,0,0,accepted,1,1.0000,1,31.2500,13.3500,-1.8641,31.1972,13.3330,-1.8625,0.0555,0.0894,1,1,0,77.781
40,105,in,0.1456,verify,8,9,40.000,0.9000,accepted,9,0.999981,8,30.8291,10.9791,-1.8979,30.7872,10.9796,-1.8957,0.0418,0.1279,1,1,0,143.003
40,106,in,0.1248,single,1,1,0,0,accepted,1,1.0000,1,23.2500,23.3500,2.2134,23.2605,23.3631,2.2194,0.0168,0.3434,1,1,0,51.272
40,106,in,0.1248,verify,8,9,40.000,0.9000,accepted,9,1.000000,8,21.4354,24.7805,2.9151,21.4296,24.7599,2.9089,0.0215,0.3505,1,1,0,212.922
40,107,in,0.6631,single,1,1,0,0,accepted,1,1.0000,1,23.1500,19.2500,-1.4091,23.2155,19.1737,-1.4221,0.1005,0.7441,1,1,0,318.800
40,107,in,0.6631,verify,8,9,40.000,0.9000,accepted,9,1.000000,1,22.7093,16.8133,-1.7120,22.7488,16.8407,-1.7074,0.0481,0.2632,1,1,0,509.697
40,108,in,0.5634,single,1,1,0,0,accepted,1,1.0000,1,32.1500,17.5500,-2.1266,32.1172,17.5623,-2.1140,0.0350,0.7198,1,1,0,325.545
40,108,in,0.5634,verify,8,9,40.000,0.9000,accepted,9,0.999987,8,30.0741,16.2041,-2.5197,30.1209,16.2560,-2.5102,0.0698,0.5488,1,1,0,316.366
40,109,in,0.3589,single,1,1,0,0,accepted,1,1.0000,1,22.3500,27.3500,0.9884,22.3461,27.3164,0.9927,0.0339,0.2464,1,1,0,156.471
40,109,in,0.3589,verify,8,9,40.000,0.9000,accepted,9,1.000000,8,23.9205,29.0468,0.6260,23.9490,29.0464,0.6250,0.0285,0.0534,1,1,0,386.543
40,110,in,0.3860,single,1,1,0,0,accepted,1,1.0000,1,15.0500,10.7500,2.8609,15.0103,10.7868,2.8541,0.0542,0.3877,1,1,0,145.889
40,110,in,0.3860,verify,8,9,40.000,0.9000,accepted,9,1.000000,8,13.2676,12.3550,2.2548,13.2909,12.3766,2.2507,0.0318,0.2340,1,1,0,259.879
40,111,in,0.2498,single,1,1,0,0,accepted,1,1.0000,1,21.8500,10.0500,0.5859,21.8981,10.0543,0.5942,0.0483,0.4737,1,1,0,116.715
40,111,in,0.2498,verify,8,9,40.000,0.9000,accepted,9,0.999602,8,24.2538,10.1913,-0.2074,24.2663,10.1841,-0.2036,0.0144,0.2158,1,1,0,186.982
40,112,in,0.1010,single,1,1,0,0,accepted,1,1.0000,1,23.4500,25.5500,1.4609,23.4290,25.6009,1.4584,0.0551,0.1417,1,1,0,51.271
40,112,in,0.1010,verify,8,9,40.000,0.9000,accepted,9,1.000000,8,23.2271,26.6645,3.1295,23.2669,26.6644,3.1401,0.0399,0.6099,1,1,0,159.636
40,113,in,0.6508,single,1,1,0,0,accepted,1,1.0000,1,25.1500,23.3500,-2.4416,25.1572,23.3525,-2.4580,0.0076,0.9393,1,1,0,293.317
40,113,in,0.6508,verify,8,9,40.000,0.9000,accepted,9,1.000000,8,24.1516,22.3422,1.9027,24.1500,22.2741,1.8899,0.0681,0.7309,1,1,0,413.741
40,114,in,0.5164,single,1,1,0,0,accepted,1,1.0000,1,15.2500,32.6500,-0.8841,15.2062,32.6179,-0.8774,0.0543,0.3859,1,1,0,254.915
40,114,in,0.5164,verify,8,9,40.000,0.9000,accepted,9,1.000000,8,16.3261,31.7021,2.1540,16.3365,31.6695,2.1610,0.0342,0.4052,1,1,0,330.890
40,115,in,0.0546,single,1,1,0,0,accepted,1,1.0000,1,11.7500,19.7500,0.3059,11.7185,19.6854,0.3214,0.0718,0.8868,1,1,0,39.638
40,115,in,0.0546,verify,8,9,40.000,0.9000,accepted,9,1.000000,8,14.0964,19.3139,-0.4188,14.0518,19.2591,-0.4202,0.0706,0.0816,1,1,0,157.028
40,116,in,0.4884,single,1,1,0,0,accepted,1,1.0000,1,25.3500,20.2500,-1.7591,25.3180,20.1841,-1.7581,0.0732,0.0556,1,1,0,226.627
40,116,in,0.4884,verify,8,9,40.000,0.9000,accepted,9,1.000000,8,24.6757,17.9308,-1.6055,24.6957,17.9133,-1.6021,0.0266,0.1982,1,1,0,357.452
40,117,in,0.0042,single,1,1,0,0,accepted,1,1.0000,1,15.9500,27.9500,0.6034,15.8933,27.9938,0.5988,0.0717,0.2643,1,1,0,30.305
40,117,in,0.0042,verify,8,9,40.000,0.9000,accepted,9,1.000000,8,18.2290,28.2259,-0.1846,18.2446,28.2675,-0.1843,0.0445,0.0176,1,1,0,113.501
40,118,in,0.3022,single,1,1,0,0,accepted,1,1.0000,1,22.3500,18.9500,-0.2716,22.3764,18.9878,-0.2708,0.0461,0.0479,1,1,0,114.473
40,118,in,0.3022,verify,8,9,40.000,0.9000,accepted,9,1.000000,8,24.4883,18.0235,-0.5790,24.5330,17.9891,-0.5788,0.0564,0.0139,1,1,0,309.346
40,119,in,0.3549,single,1,1,0,0,accepted,1,1.0000,1,33.3500,31.0500,-1.3916,33.3790,31.0032,-1.4032,0.0551,0.6679,1,1,0,169.562
40,119,in,0.3549,verify,8,9,40.000,0.9000,accepted,9,1.000000,8,34.1283,28.7475,-1.0966,34.1439,28.7547,-1.0860,0.0172,0.6084,1,1,0,290.037
80,0,out,0.5252,single,1,1,0,0,accepted,1,1.0000,1,53.9500,35.1500,-1.1466,24.4106,5.1716,-1.1525,42.0866,0.3357,0,1,1,2074.477
80,0,out,0.5252,verify,8,9,40.000,0.9000,ambiguous,9,0.572037,8,25.7316,4.1069,0.2700,25.8288,4.1473,0.2786,0.1052,0.4886,1,0,0,2615.610
80,1,out,0.3428,single,1,1,0,0,accepted,1,1.0000,1,20.9500,58.2500,3.1234,20.9923,58.2432,3.1278,0.0429,0.2534,1,1,0,975.021
80,1,out,0.3428,verify,8,9,40.000,0.9000,accepted,9,1.000000,8,19.1272,58.5285,1.7007,19.1624,58.5525,1.6934,0.0426,0.4184,1,1,0,1344.902
80,2,in,0.2561,single,1,1,0,0,accepted,1,1.0000,1,45.2500,36.9500,-2.4591,45.2471,36.9791,-2.4489,0.0292,0.5823,1,1,0,547.307
80,2,in,0.2561,verify,8,9,40.000,0.9000,accepted,9,1.000000,8,43.5332,35.3541,-2.1886,43.5012,35.3694,-2.1964,0.0354,0.4504,1,1,0,1009.679
80,3,out,0.6329,single,1,1,0,0,accepted,1,1.0000,1,42.1500,48.7500,-2.9841,59.7452,30.7905,-2.9802,25.1423,0.2223,0,1,1,2456.085
80,3,out,0.6329,verify,8,9,40.000,0.9000,accepted,9,0.980647,8,57.3889,30.4717,-2.9640,57.3875,30.3945,-2.9968,0.0772,1.8807,1,1,0,3229.827
80,4,out,0.1349,single,1,1,0,0,accepted,1,1.0000,1,45.6500,67.2500,1.6009,45.6481,67.2641,1.5995,0.0142,0.0829,1,1,0,436.040
80,4,out,0.1349,verify,8,9,40.000,0.9000,accepted,9,1.000000,8,45.0459,68.4520,-2.0276,45.0550,68.4204,-2.0359,0.0329,0.4772,1,1,0,737.791
80,5,out,0.1476,single,1,1,0,0,accepted,1,1.0000,1,24.1500,17.7500,-0.3591,24.1432,17.7254,-0.3645,0.0256,0.3076,1,1,0,532.383
80,5,out,0.1476,verify,8,9,40.000,0.9000,accepted,9,1.000000,8,26.5321,17.1668,-0.0416,26.4654,17.1781,-0.0445,0.0676,0.1643,1,1,0,676.165
80,6,out,0.3646,single,1,1,0,0,accepted,1,1.0000,1,31.0500,60.7500,1.8809,31.0419,60.7469,1.8881,0.0087,0.4115,1,1,0,786.146
80,6,out,0.3646,verify,8,9,40.000,0.9000,accepted,9,1.000000,8,30.8746,62.4762,2.8900,30.8314,62.5192,2.9021,0.0609,0.6881,1,1,0,977.747
80,7,out,0.3310,single,1,1,0,0,accepted,1,1.0000,1,38.6500,60.9500,-1.2341,38.6876,60.9043,-1.2410,0.0592,0.3962,1,1,0,1243.512
80,7,out,0.3310,verify,8,9,40.000,0.9000,accepted,9,1.000000,8,39.2783,58.5399,-1.1896,39.2810,58.5995,-1.1792,0.0596,0.5974,1,1,0,1665.167
80,8,out,0.5283,single,1,1,0,0,accepted,1,1.0000,1,54.0500,76.5500,2.8784,54.0494,76.5826,2.8749,0.0326,0.2003,1,1,0,2698.901
80,8,out,0.5283,verify,8,9,40.000,0.9000,accepted,9,0.983152,8,51.9328,77.7136,2.4017,51.9544,77.6824,2.4020,0.0379,0.0155,1,1,0,3243.365
80,9,out,0.5442,single,1,1,0,0,accepted,1,1.0000,1,61.2500,48.0500,-1.1291,61.2700,48.0716,-1.1316,0.0295,0.1443,1,1,0,1507.933
80,9,out,0.5442,verify,8,9,40.000,0.9000,accepted,9,0.999996,8,62.0795,45.7640,-1.3138,62.0726,45.8180,-1.3129,0.0545,0.0489,1,1,0,1952.118
80,10,out,0.7267,single,1,1,0,0,accepted,1,1.0000,1,1.1500,43.5500,1.4609,1.1849,43.4998,1.4695,0.0611,0.4916,1,1,0,3576.359
80,10,out,0.7267,verify,8,9,40.000,0.9000,no-candidate,9,1.000000,1,0.6814,45.8236,1.8109,0.7211,45.8377,1.7981,0.0421,0.7358,1,0,0,4206.177
80,11,out,0.1675,single,1,1,0,0,accepted,1,1.0000,1,74.5500,53.1500,-0.4116,74.5902,53.1789,-0.4218,0.0496,0.5832,1,1,0,790.149
80,11,out,0.1675,verify,8,9,40.000,0.9000,accepted,9,1.000000,8,76.5322,51.7926,-0.6674,76.5312,51.8344,-0.6601,0.0418,0.4208,1,1,0,1098.284
80,12,out,0.6007,single,1,1,0,0,accepted,1,1.0000,1,54.7500,25.7500,2.4934,15.3379,16.7513,-0.6383,40.4264,179.4354,0,1,1,2691.853
80,12,out,0.6007,verify,8,9,40.000,0.9000,ambiguous,9,0.781598,8,16.6214,16.7621,1.0802,16.6252,16.7492,1.0780,0.0134,0.1247,1,0,0,2920.929
80,13,out,0.3847,single,1,1,0,0,accepted,1,1.0000,1,36.6500,72.8500,-0.6216,36.6364,72.8512,-0.6157,0.0136,0.3389,1,1,0,1397.577
80,13,out,0.3847,verify,8,9,40.000,0.9000,accepted,9,1.000000,8,38.6861,71.6087,-0.4513,38.6995,71.6428,-0.4458,0.0366,0.3109,1,1,0,1886.544
80,14,out,0.5512,single,1,1,0,0,accepted,1,1.0000,1,21.9500,29.5500,2.6334,21.9662,29.5511,2.6367,0.0162,0.1870,1,1,0,1784.400
80,14,out,0.5512,verify,8,9,40.000,0.9000,accepted,9,1.000000,8,20.6784,29.6949,-2.1117,20.6975,29.6538,-2.1213,0.0453,0.5492,1,1,0,2214.511
80,15,out,0.0798,single,1,1,0,0,accepted,1,1.0000,1,33.0500,10.6500,1.6709,33.0120,10.6761,1.6692,0.0461,0.0983,1,1,0,445.469
80,15,out,0.0798,verify,8,9,40.000,0.9000,accepted,9,1.000000,8,34.1346,12.7325,0.7656,34.1402,12.7185,0.7650,0.0151,0.0305,1,1,0,640.909
80,16,out,0.3479,single,1,1,0,0,accepted,1,1.0000,1,24.0500,52.7500,2.9309,31.6691,19.7932,-0.2060,33.8260,179.7332,0,1,1,896.701
80,16,out,0.3479,verify,8,9,40.000,0.9000,accepted,9,0.999992,8,33.9087,19.1218,-0.1671,33.9369,19.0644,-0.1681,0.0640,0.0536,1,1,0,938.121
80,17,out,0.2426,single,1,1,0,0,accepted,1,1.0000,1,60.0500,53.5500,1.0934,60.0269,53.5996,1.0896,0.0547,0.2203,1,1,0,808.964
80,17,out,0.2426,verify,8,9,40.000,0.9000,accepted,9,1.000000,8,60.8177,55.8760,1.2310,60.8471,55.8385,1.2359,0.0476,0.2809,1,1,0,1111.780
80,18,out,0.2368,single,1,1,0,0,accepted,1,1.0000,1,12.2500,46.2500,-1.7766,12.2829,46.2492,-1.7779,0.0329,0.0753,1,1,0,553.238
80,18,out,0.2368,verify,8,9,40.000,0.9000,accepted,9,0.983755,8,13.1522,45.8064,0.7657,13.1865,45.8235,0.7681,0.0383,0.1414,1,1,0,647.631
80,19,out,0.5187,single,1,1,0,0,accepted,1,1.0000,1,58.6500,10.5500,-2.5291,58.6632,10.5908,-2.5408,0.0429,0.6716,1,1,0,1844.214
80,19,out,0.5187,verify,8,9,40.000,0.9000,accepted,9,1.000000,8,58.3869,10.4860,0.4236,58.3634,10.5019,0.4380,0.0283,0.8246,1,1,0,3008.100
80,20,out,0.5702,single,1,1,0,0,accepted,1,1.0000,1,38.1500,59.3500,0.2184,26.2794,49.0890,-2.9272,15.6907,179.7719,0,1,1,2181.010
80,20,out,0.5702,verify,8,9,40.000,0.9000,accepted,9,0.998976,8,24.0077,49.3824,2.8757,23.9392,49.4140,2.8862,0.0754,0.6005,1,1,0,2839.907
80,21,in,0.5678,single,1,1,0,0,accepted,1,1.0000,1,42.0500,36.0500,-0.7266,42.0101,36.0701,-0.7353,0.0447,0.4994,1,1,0,2267.850
80,21,in,0.5678,verify,8,9,40.000,0.9000,accepted,9,1.000000,8,43.9908,34.7593,-0.6142,43.9796,34.7499,-0.6026,0.0146,0.6677,1,1,0,3144.850
80,22,out,0.6388,single,1,1,0,0,accepted,1,1.0000,1,48.8500,26.4500,-0.4466,29.5150,62.3666,-0.4294,40.7902,0.9840,0,1,1,2643.576
80,22,out,0.6388,verify,8,9,40.000,0.9000,ambiguous,9,0.596478,8,38.0316,55.0788,-0.4435,31.4863,61.0423,-0.4442,8.8546,0.0399,0,0,0,2876.416
80,23,out,0.6565,single,1,1,0,0,no-candidate,1,0.0000,1,37.0500,51.8500,-0.0791,65.6556,76.2277,0.2579,37.5839,19.3081,0,0,0,4264.214
80,23,out,0.6565,verify,8,9,40.000,0.9000,no-candidate,0,0.000000,0,37.0500,51.8500,-0.0791,65.6556,76.2277,0.2579,37.5839,19.3081,0,0,0,4963.583
80,24,out,0.6936,single,1,1,0,0,accepted,1,1.0000,1,46.1500,52.0500,-1.1291,30.6756,14.4340,2.0245,40.6746,179.3109,0,1,1,3184.110
80,24,out,0.6936,verify,8,9,40.000,0.9000,ambiguous,9,0.654881,8,51.7263,53.1998,1.1633,30.0056,13.2807,-1.9775,45.4459,179.9567,0,0,0,3323.053
80,25,out,0.6075,single,1,1,0,0,accepted,1,1.0000,1,72.1500,48.1500,2.5984,72.1422,48.1740,2.6073,0.0252,0.5090,1,1,0,2417.154
80,25,out,0.6075,verify,8,9,40.000,0.9000,accepted,9,0.999999,8,73.7611,47.0274,-0.9761,73.8307,47.0686,-0.9539,0.0808,1.2709,1,1,0,2929.222
80,26,in,0.6547,single,1,1,0,0,accepted,1,1.0000,1,43.7500,54.4500,2.4409,53.6362,48.0585,-0.7012,11.7723,179.9702,0,1,1,2736.182
80,26,in,0.6547,verify,8,9,40.000,0.9000,accepted,9,0.999983,8,55.3855,46.5210,-0.2747,55.4173,46.5307,-0.2784,0.0332,0.2154,1,1,0,3472.505
80,27,out,0.1831,single,1,1,0,0,accepted,1,1.0000,1,47.5500,62.5500,1.3559,47.5391,62.5004,1.3508,0.0508,0.2947,1,1,0,499.503
80,27,out,0.1831,verify,8,9,40.000,0.9000,accepted,9,1.000000,8,46.3546,62.7193,-1.8473,46.3512,62.6577,-1.8407,0.0617,0.3787,1,1,0,802.221
80,28,out,0.4949,single,1,1,0,0,accepted,1,1.0000,1,52.2500,46.4500,-1.9691,15.4468,20.0053,1.1722,45.3188,179.9844,0,1,1,1103.908
80,28,out,0.4949,verify,8,9,40.000,0.9000,accepted,9,0.969028,8,40.5668,45.8343,3.0458,16.6309,20.6442,-0.0999,34.7487,179.7654,0,1,1,1163.983
80,29,out,0.0962,single,1,1,0,0,accepted,1,1.0000,1,30.5500,17.2500,2.0034,30.5847,17.2539,2.0125,0.0349,0.5186,1,1,0,940.425
80,29,out,0.0962,verify,8,9,40.000,0.9000,accepted,9,1.000000,8,29.0626,19.0796,2.5351,29.0316,19.0558,2.5365,0.0391,0.0767,1,1,0,1182.725
80,30,out,0.1765,single,1,1,0,0,accepted,1,1.0000,1,0.8500,6.0500,-1.1291,0.8348,6.0086,-1.1222,0.0441,0.3922,1,1,0,1706.638
80,30,out,0.1765,verify,8,9,40.000,0.9000,accepted,9,1.000000,8,1.5027,4.6672,-2.3551,1.5384,4.6592,-2.3449,0.0366,0.5829,1,1,0,2059.207
80,31,out,0.7119,single,1,1,0,0,accepted,1,1.0000,1,52.2500,26.4500,-1.7241,65.0216,44.4209,-1.7331,22.0469,0.5170,0,1,1,3206.921
80,31,out,0.7119,verify,8,9,40.000,0.9000,ambiguous,9,0.512166,3,49.7205,48.1637,-1.3159,65.5433,42.1685,-1.2423,16.9206,4.2184,0,0,0,3508.725
80,32,out,0.5069,single,1,1,0,0,accepted,1,1.0000,1,6.7500,2.2500,0.4109,6.7484,2.2589,0.4056,0.0090,0.3046,1,1,0,2350.092
80,32,out,0.5069,verify,8,9,40.000,0.9000,accepted,9,0.999090,8,5.5559,0.5746,-1.8743,5.5395,0.5760,-1.8653,0.0165,0.5183,1,1,0,3190.583
80,33,out,0.2358,single,1,1,0,0,accepted,1,1.0000,1,30.9500,12.8500,2.4934,30.9950,12.8663,2.4884,0.0479,0.2870,1,1,0,574.948
80,33,out,0.2358,verify,8,9,40.000,0.9000,accepted,9,1.000000,8,28.7439,13.7360,2.8438,28.7553,13.7181,2.8456,0.0213,0.1033,1,1,0,763.104
80,34,out,0.7787,single,1,1,0,0,no-candidate,1,0.0000,1,41.0500,49.8500,-0.3941,63.3460,1.4816,2.5357,53.2599,167.8633,0,0,0,4835.814
80,34,out,0.7787,verify,8,9,40.000,0.9000,no-candidate,0,0.000000,0,41.0500,49.8500,-0.3941,63.3460,1.4816,2.5357,53.2599,167.8633,0,0,0,6085.468
80,35,out,0.3653,single,1,1,0,0,accepted,1,1.0000,1,68.9500,12.2500,0.7609,68.9555,12.2234,0.7581,0.0271,0.1624,1,1,0,948.858
80,35,out,0.3653,verify,8,9,40.000,0.9000,accepted,9,0.999995,8,69.9781,14.3988,1.3677,69.9831,14.3469,1.3725,0.0521,0.2776,1,1,0,1251.323
80,36,out,0.0971,single,1,1,0,0,accepted,1,1.0000,1,57.2500,12.3500,1.8109,57.2429,12.3890,1.8062,0.0397,0.2726,1,1,0,607.040
80,36,out,0.0971,verify,8,9,40.000,0.9000,accepted,9,1.000000,8,56.8521,14.4667,-1.0891,56.8459,14.4335,-1.0960,0.0338,0.3985,1,1,0,891.923
80,37,out,0.3892,single,1,1,0,0,accepted,1,1.0000,1,13.0500,65.0500,0.7259,13.0625,65.0719,0.7296,0.0252,0.2121,1,1,0,1081.298
80,37,out,0.3892,verify,8,9,40.000,0.9000,accepted,9,1.000000,8,14.9000,66.6393,0.6005,14.8379,66.6591,0.6079,0.0653,0.4258,1,1,0,1666.959
80,38,out,0.3613,single,1,1,0,0,accepted,1,1.0000,1,26.7500,15.7500,-0.4466,26.6812,15.8216,-0.4449,0.0992,0.0973,1,1,0,1067.510
80,38,out,0.3613,verify,8,9,40.000,0.9000,accepted,9,0.998238,8,25.0143,16.9666,2.1078,25.0534,16.9300,2.1127,0.0535,0.2812,1,1,0,1485.667
80,39,out,0.7829,single,1,1,0,0,no-candidate,1,0.0000,1,36.9500,54.3500,1.1984,54.9822,12.2939,1.2628,45.7589,3.6874,0,0,0,5394.609
80,39,out,0.7829,verify,8,9,40.000,0.9000,no-candidate,0,0.000000,0,36.9500,54.3500,1.1984,54.9822,12.2939,1.2628,45.7589,3.6874,0,0,0,6013.028
80,40,out,0.0702,single,1,1,0,0,accepted,1,1.0000,1,52.6500,18.3500,-0.4641,52.6306,18.3813,-0.4566,0.0368,0.4279,1,1,0,427.071
80,40,out,0.0702,verify,8,9,40.000,0.9000,accepted,9,1.000000,8,53.4510,16.3644,-1.7425,53.4603,16.3517,-1.7451,0.0157,0.1457,1,1,0,584.233
80,41,out,0.7937,single,1,1,0,0,no-candidate,1,0.0000,1,39.5500,33.7500,2.2834,79.4974,71.6763,-2.5737,55.0835,81.7109,0,0,0,4867.382
80,41,out,0.7937,verify,8,9,40.000,0.9000,no-candidate,0,0.000000,0,39.5500,33.7500,2.2834,79.4974,71.6763,-2.5737,55.0835,81.7109,0,0,0,5411.582
80,42,in,0.6160,single,1,1,0,0,accepted,1,1.0000,1,47.5500,43.4500,2.1434,47.6825,43.4097,2.1416,0.1385,0.1038,1,1,0,2218.518
80,42,in,0.6160,verify,8,9,40.000,0.9000,accepted,9,0.998361,8,47.5125,43.9394,-1.4144,47.4560,43.9645,-1.4029,0.0618,0.6598,1,1,0,2491.470
80,43,out,0.2984,single,1,1,0,0,accepted,1,1.0000,1,6.6500,9.8500,-2.8791,6.6309,9.8404,-2.8834,0.0214,0.2463,1,1,0,1007.546
80,43,out,0.2984,verify,8,9,40.000,0.9000,accepted,9,1.000000,8,8.1270,11.2614,0.7821,8.1156,11.3060,0.7654,0.0460,0.9558,1,1,0,1173.271
80,44,out,0.6106,single,1,1,0,0,accepted,1,1.0000,1,54.1500,35.5500,1.9509,55.9932,5.6079,1.9744,29.9988,1.3448,0,1,1,2666.761
80,44,out,0.6106,verify,8,9,40.000,0.9000,ambiguous,9,0.716238,8,42.7053,50.0155,1.5413,55.6001,7.9620,1.5453,43.9861,0.2271,0,0,0,2974.147
80,45,out,0.0078,single,1,1,0,0,accepted,1,1.0000,1,5.6500,19.0500,-2.9666,5.6561,19.0202,-2.9616,0.0304,0.2837,1,1,0,621.378
80,45,out,0.0078,verify,8,9,40.000,0.9000,accepted,9,0.999999,8,3.3911,18.6226,3.0473,3.3628,18.6251,3.0433,0.0285,0.2296,1,1,0,761.856
80,46,out,0.1194,single,1,1,0,0,accepted,1,1.0000,1,11.5500,59.3500,-3.0016,11.5501,59.3547,-3.0070,0.0047,0.3090,1,1,0,1284.763
80,46,out,0.1194,verify,8,9,40.000,0.9000,accepted,9,1.000000,8,9.1849,59.4279,-3.1325,9.1590,59.4423,-3.1334,0.0296,0.0547,1,1,0,1529.339
80,47,out,0.6426,single,1,1,0,0,no-candidate,1,0.0000,1,41.4500,24.0500,-0.4291,65.4248,36.0119,-0.4094,26.7933,1.1269,0,0,0,3140.708
80,47,out,0.6426,verify,8,9,40.000,0.9000,no-candidate,0,0.000000,0,41.4500,24.0500,-0.4291,65.4248,36.0119,-0.4094,26.7933,1.1269,0,0,0,3534.327
80,48,out,0.1752,single,1,1,0,0,accepted,1,1.0000,1,15.5500,20.3500,2.5634,15.5190,20.3286,2.5628,0.0377,0.0349,1,1,0,537.310
80,48,out,0.1752,verify,8,9,40.000,0.9000,accepted,9,1.000000,8,13.6142,19.9057,-2.9081,13.6047,19.8976,-2.9007,0.0125,0.4223,1,1,0,625.391
80,49,out,0.1969,single,1,1,0,0,accepted,1,1.0000,1,10.6500,7.7500,-0.9366,10.6256,7.7546,-0.9313,0.0249,0.3026,1,1,0,831.761
80,49,out,0.1969,verify,8,9,40.000,0.9000,accepted,9,1.000000,8,12.2424,6.0244,-0.6374,12.2537,6.0384,-0.6324,0.0180,0.2830,1,1,0,1165.262
80,50,out,0.0151,single,1,1,0,0,accepted,1,1.0000,1,45.3500,73.5500,-1.9866,45.3695,73.5476,-1.9932,0.0196,0.3794,1,1,0,258.825
80,50,out,0.0151,verify,8,9,40.000,0.9000,accepted,9,1.000000,8,44.3435,71.3860,-2.1837,44.3259,71.4012,-2.1849,0.0232,0.0673,1,1,0,539.215
80,51,out,0.0522,single,1,1,0,0,accepted,1,1.0000,1,57.5500,39.8500,1.7584,57.5449,39.8588,1.7651,0.0101,0.3832,1,1,0,192.313
80,51,out,0.0522,verify,8,9,40.000,0.9000,accepted,9,1.000000,8,57.4833,42.2823,1.5515,57.5225,42.2498,1.5549,0.0509,0.1941,1,1,0,431.308
80,52,out,0.5405,single,1,1,0,0,accepted,1,1.0000,1,68.9500,13.5500,-0.3591,68.9287,13.5974,-0.3646,0.0520,0.3162,1,1,0,1886.424
80,52,out,0.5405,verify,8,9,40.000,0.9000,accepted,9,0.979835,8,70.9494,12.4165,-0.7777,70.9889,12.4165,-0.7850,0.0395,0.4216,1,1,0,2280.055
80,53,out,0.7936,single,1,1,0,0,no-candidate,1,0.0000,1,42.4500,46.4500,2.3884,1.1437,34.1955,2.5270,43.0858,7.9431,0,0,0,5556.442
80,53,out,0.7936,verify,8,9,40.000,0.9000,no-candidate,0,0.000000,0,42.4500,46.4500,2.3884,1.1437,34.1955,2.5270,43.0858,7.9431,0,0,0,6384.321
80,54,out,0.7306,single,1,1,0,0,no-candidate,1,0.0000,1,37.7500,45.8500,1.2509,61.9951,68.6582,-1.8982,33.2872,179.5674,0,0,0,3320.898
80,54,out,0.7306,verify,8,9,40.000,0.9000,no-candidate,0,0.000000,0,37.7500,45.8500,1.2509,61.9951,68.6582,-1.8982,33.2872,179.5674,0,0,0,3948.552
80,55,out,0.0107,single,1,1,0,0,accepted,1,1.0000,1,58.2500,58.5500,2.3884,58.2336,58.5956,2.3823,0.0484,0.3474,1,1,0,276.458
80,55,out,0.0107,verify,8,9,40.000,0.9000,accepted,9,1.000000,8,56.0840,59.5210,2.6590,56.0656,59.5705,2.6494,0.0529,0.5461,1,1,0,497.029
80,56,out,0.0618,single,1,1,0,0,accepted,1,1.0000,1,29.5500,46.4500,-1.3741,29.5438,46.4548,-1.3697,0.0078,0.2526,1,1,0,209.707
80,56,out,0.0618,verify,8,9,40.000,0.9000,accepted,9,1.000000,8,29.0524,47.1637,1.8913,29.0545,47.2023,1.8865,0.0386,0.2712,1,1,0,500.706
80,57,out,0.1043,single,1,1,0,0,accepted,1,1.0000,1,66.2500,43.1500,-0.7966,66.2695,43.0743,-0.8041,0.0782,0.4304,1,1,0,488.340
80,57,out,0.1043,verify,8,9,40.000,0.9000,accepted,9,1.000000,8,65.6775,41.9775,-2.6234,65.6777,41.9877,-2.6263,0.0103,0.1669,1,1,0,620.967
80,58,out,0.0421,single,1,1,0,0,accepted,1,1.0000,1,79.3500,38.4500,-2.0916,79.2840,38.4260,-2.0893,0.0702,0.1293,1,1,0,1051.211
80,58,out,0.0421,verify,8,9,40.000,0.9000,accepted,9,1.000000,8,78.5080,36.8388,-2.3377,78.5337,36.8157,-2.3380,0.0346,0.0175,1,1,0,1522.089
80,59,out,0.2823,single,1,1,0,0,accepted,1,1.0000,1,39.0500,66.4500,-2.3366,39.0467,66.4751,-2.3397,0.0253,0.1769,1,1,0,747.825
80,59,out,0.2823,verify,8,9,40.000,0.9000,accepted,9,1.000000,8,37.9987,64.2864,-1.7665,38.0077,64.3398,-1.7610,0.0542,0.3181,1,1,0,893.095
80,60,out,0.0161,single,1,1,0,0,accepted,1,1.0000,1,50.7500,60.7500,-3.1066,50.7535,60.7694,-3.1009,0.0197,0.3282,1,1,0,581.299
80,60,out,0.0161,verify,8,9,40.000,0.9000,accepted,9,1.000000,8,48.5130,61.7095,2.7907,48.5555,61.6614,2.7836,0.0642,0.4073,1,1,0,941.086
80,61,in,0.3100,single,1,1,0,0,accepted,1,1.0000,1,48.4500,30.6500,2.7734,48.4499,30.6259,2.7696,0.0241,0.2170,1,1,0,777.134
80,61,in,0.3100,verify,8,9,40.000,0.9000,accepted,9,1.000000,8,46.1778,31.4205,2.7668,46.1951,31.4329,2.7664,0.0213,0.0176,1,1,0,821.457
80,62,out,0.3866,single,1,1,0,0,accepted,1,1.0000,1,63.8500,1.0500,-0.5691,68.7016,2.0550,2.5709,4.9546,179.9107,0,1,1,2312.471
80,62,out,0.3866,verify,8,9,40.000,0.9000,accepted,9,0.999998,8,67.1333,2.6195,-2.9694,67.1113,2.6039,-2.9635,0.0270,0.3368,1,1,0,2674.665
80,63,out,0.7108,single,1,1,0,0,no-candidate,1,0.0000,1,44.9500,46.2500,2.6509,76.7930,26.2152,-0.4771,37.6214,179.2206,0,0,0,3777.790
80,63,out,0.7108,verify,8,9,40.000,0.9000,no-candidate,0,0.000000,0,44.9500,46.2500,2.6509,76.7930,26.2152,-0.4771,37.6214,179.2206,0,0,0,4086.692
80,64,out,0.2506,single,1,1,0,0,accepted,1,1.0000,1,51.6500,63.8500,-0.2716,51.5866,63.8812,-0.2594,0.0707,0.6973,1,1,0,784.628
80,64,out,0.2506,verify,8,9,40.000,0.9000,accepted,9,1.000000,8,50.4072,64.2418,2.9593,50.4584,64.2749,2.9619,0.0610,0.1461,1,1,0,1212.516
80,65,in,0.3197,single,1,1,0,0,accepted,1,1.0000,1,35.3500,32.6500,0.4809,35.3321,32.6085,0.4811,0.0452,0.0114,1,1,0,917.725
80,65,in,0.3197,verify,8,9,40.000,0.9000,accepted,9,1.000000,8,33.6373,31.5772,-2.3868,33.6393,31.5565,-2.3921,0.0207,0.3046,1,1,0,1347.557
80,66,in,0.6769,single,1,1,0,0,accepted,1,1.0000,1,35.4500,49.7500,-0.0966,35.3964,49.7617,-0.1031,0.0549,0.3738,1,1,0,2320.275
80,66,in,0.6769,verify,8,9,40.000,0.9000,accepted,9,0.999712,8,37.3554,50.4536,-0.8643,37.1036,50.4248,-0.8647,0.2534,0.0230,1,1,0,2666.131
80,67,in,0.7972,single,1,1,0,0,no-candidate,1,0.0000,1,44.2500,55.0500,-2.1791,47.4560,53.6073,0.9212,3.5156,177.6365,0,0,0,4641.165
80,67,in,0.7972,verify,8,9,40.000,0.9000,no-candidate,0,0.000000,0,44.2500,55.0500,-2.1791,47.4560,53.6073,0.9212,3.5156,177.6365,0,0,0,6018.033
80,68,in,0.7344,single,1,1,0,0,no-candidate,1,0.0000,1,36.4500,46.5500,-0.2191,36.1596,46.5047,-0.2191,0.2939,0.0008,1,0,0,3419.385
80,68,in,0.7344,verify,8,9,40.000,0.9000,no-candidate,0,0.000000,0,36.4500,46.5500,-0.2191,36.1596,46.5047,-0.2191,0.2939,0.0008,1,0,0,3517.609
80,69,in,0.5120,single,1,1,0,0,accepted,1,1.0000,1,42.1500,44.1500,0.3409,42.1713,44.1053,0.3496,0.0495,0.4965,1,1,0,1733.852
80,69,in,0.5120,verify,8,9,40.000,0.9000,accepted,9,0.999981,8,44.3848,44.4214,-0.3003,44.4720,44.4005,-0.3073,0.0896,0.4022,1,1,0,2045.155
80,70,in,0.2748,single,1,1,0,0,accepted,1,1.0000,1,38.2500,40.7500,-1.2341,38.2790,40.7574,-1.2413,0.0299,0.4146,1,1,0,699.000
80,70,in,0.2748,verify,8,9,40.000,0.9000,accepted,9,1.000000,8,39.2644,42.0491,0.9629,39.2904,41.9881,0.9633,0.0663,0.0221,1,1,0,1209.064
80,71,in,0.7664,single,1,1,0,0,no-candidate,1,0.0000,1,48.5500,35.2500,0.0959,48.5754,35.2244,0.0885,0.0361,0.4253,1,0,0,4031.981
80,71,in,0.7664,verify,8,9,40.000,0.9000,no-candidate,0,0.000000,0,48.5500,35.2500,0.0959,48.5754,35.2244,0.0885,0.0361,0.4253,1,0,0,5468.700
80,72,in,0.0005,single,1,1,0,0,accepted,1,1.0000,1,37.1500,53.7500,0.4109,37.1605,53.7556,0.4154,0.0119,0.2592,1,1,0,128.430
80,72,in,0.0005,verify,8,9,40.000,0.9000,accepted,9,1.000000,8,39.2759,54.8331,0.3586,39.2775,54.8617,0.3515,0.0287,0.4059,1,1,0,576.408
80,73,in,0.4373,single,1,1,0,0,accepted,1,1.0000,1,49.7500,43.3500,-0.5691,49.7363,43.3787,-0.5648,0.0318,0.2436,1,1,0,1004.423
80,73,in,0.4373,verify,8,9,40.000,0.9000,accepted,9,0.999993,8,50.9343,41.4035,-0.8637,50.9511,41.3647,-0.8594,0.0423,0.2467,1,1,0,1389.178
80,74,in,0.7038,single,1,1,0,0,accepted,1,1.0000,1,45.3500,54.2500,0.3059,50.4674,30.2246,-2.8266,24.5644,179.4806,0,1,1,3189.275
80,74,in,0.7038,verify,8,9,40.000,0.9000,ambiguous,9,0.889261,8,41.6657,48.9974,0.1827,48.1716,29.5801,-3.0188,20.4782,176.5685,0,0,0,3441.632
80,75,in,0.5443,single,1,1,0,0,accepted,1,1.0000,1,39.7500,30.9500,0.6734,39.7754,30.9251,0.6744,0.0356,0.0573,1,1,0,1349.046
80,75,in,0.5443,verify,8,9,40.000,0.9000,accepted,9,0.999793,8,40.8927,32.7004,-2.4105,40.9316,32.6506,-2.4134,0.0631,0.1626,1,1,0,1787.208
80,76,in,0.5408,single,1,1,0,0,accepted,1,1.0000,1,45.9500,46.6500,-2.3716,45.8839,46.6253,-2.3865,0.0706,0.8525,1,1,0,1424.938
80,76,in,0.5408,verify,8,9,40.000,0.9000,accepted,9,0.999999,8,45.6249,46.4996,0.8318,45.6117,46.4950,0.8348,0.0140,0.1731,1,1,0,1778.016
80,77,in,0.6500,single,1,1,0,0,accepted,1,1.0000,1,52.8500,53.4500,-0.2716,52.9179,53.4497,-0.2559,0.0679,0.9000,1,1,0,1449.645
80,77,in,0.6500,verify,8,9,40.000,0.9000,accepted,9,0.999990,8,55.1815,52.9992,-0.4209,55.2343,52.9645,-0.4174,0.0632,0.2021,1,1,0,1726.698
80,78,in,0.5084,single,1,1,0,0,accepted,1,1.0000,1,50.0500,40.3500,2.6509,50.0230,40.3783,2.6503,0.0391,0.0347,1,1,0,1450.687
80,78,in,0.5084,verify,8,9,40.000,0.9000,accepted,9,0.999988,8,48.1116,41.7776,2.4025,48.1213,41.8121,2.3927,0.0358,0.5597,1,1,0,1850.271
80,79,in,0.2947,single,1,1,0,0,accepted,1,1.0000,1,41.4500,45.9500,-1.7591,41.4816,46.0012,-1.7594,0.0602,0.0200,1,1,0,600.169
80,79,in,0.2947,verify,8,9,40.000,0.9000,accepted,9,1.000000,8,43.0116,47.3788,0.7785,43.0644,47.3735,0.7707,0.0531,0.4460,1,1,0,1168.341
80,80,in,0.7590,single,1,1,0,0,no-candidate,1,0.0000,1,42.8500,41.2500,3.0709,48.9719,49.2286,-0.0584,10.0566,179.2933,0,0,0,3098.351
80,80,in,0.7590,verify,8,9,40.000,0.9000,no-candidate,0,0.000000,0,42.8500,41.2500,3.0709,48.9719,49.2286,-0.0584,10.0566,179.2933,0,0,0,3853.866
80,81,in,0.0949,single,1,1,0,0,accepted,1,1.0000,1,37.6500,40.9500,1.5309,37.6781,40.9625,1.5233,0.0308,0.4380,1,1,0,661.703
80,81,in,0.0949,verify,8,9,40.000,0.9000,accepted,9,1.000000,8,38.1532,43.2695,1.4485,38.1326,43.3070,1.4461,0.0428,0.1374,1,1,0,878.333
80,82,in,0.5344,single,1,1,0,0,accepted,1,1.0000,1,48.0500,38.6500,0.2009,48.0628,38.5851,0.2030,0.0661,0.1190,1,1,0,1747.947
80,82,in,0.5344,verify,8,9,40.000,0.9000,accepted,9,1.000000,8,50.0833,38.4532,-0.0257,50.0977,38.3986,-0.0275,0.0565,0.1032,1,1,0,2000.895
80,83,in,0.4675,single,1,1,0,0,accepted,1,1.0000,1,43.8500,40.6500,-1.3391,43.8753,40.6130,-1.3352,0.0448,0.2226,1,1,0,1251.479
80,83,in,0.4675,verify,8,9,40.000,0.9000,accepted,9,0.999999,8,43.6242,41.1518,1.8538,43.7345,41.1991,1.8463,0.1200,0.4323,1,1,0,1578.981
80,84,in,0.1854,single,1,1,0,0,accepted,1,1.0000,1,37.8500,34.0500,1.6009,37.7996,34.0259,1.6003,0.0559,0.0342,1,1,0,579.691
80,84,in,0.1854,verify,8,9,40.000,0.9000,accepted,9,1.000000,8,37.8886,35.8478,-1.2278,37.8559,35.8216,-1.2362,0.0419,0.4820,1,1,0,877.764
80,85,in,0.1768,single,1,1,0,0,accepted,1,1.0000,1,43.1500,46.9500,1.4434,43.1539,46.9457,1.4477,0.0058,0.2447,1,1,0,506.944
80,85,in,0.1768,verify,8,9,40.000,0.9000,accepted,9,1.000000,8,43.7831,49.2116,1.3889,43.8370,49.2373,1.3879,0.0597,0.0520,1,1,0,820.217
80,86,in,0.3390,single,1,1,0,0,accepted,1,1.0000,1,38.0500,35.9500,3.1409,38.0570,35.8972,3.1389,0.0532,0.1169,1,1,0,719.707
80,86,in,0.3390,verify,8,9,40.000,0.9000,accepted,9,1.000000,8,35.6839,35.7236,-2.9841,35.6752,35.6947,-2.9823,0.0301,0.0984,1,1,0,977.925
80,87,in,0.1985,single,1,1,0,0,accepted,1,1.0000,1,44.3500,49.5500,2.1434,44.4223,49.5090,2.1477,0.0832,0.2481,1,1,0,436.414
80,87,in,0.1985,verify,8,9,40.000,0.9000,accepted,9,1.000000,8,44.7684,50.2307,-0.3580,44.7466,50.2376,-0.3589,0.0229,0.0529,1,1,0,711.177
80,88,in,0.7213,single,1,1,0,0,accepted,1,1.0000,1,38.4500,54.9500,-1.3216,38.5276,54.8780,-1.3223,0.1059,0.0389,1,1,0,3277.041
80,88,in,0.7213,verify,8,9,40.000,0.9000,no-candidate,9,1.000000,1,40.0896,53.1293,-0.5769,40.0930,53.1189,-0.6009,0.0110,1.3733,1,0,0,5129.871
80,89,in,0.3211,single,1,1,0,0,accepted,1,1.0000,1,45.8500,31.2500,-2.3191,45.9297,31.1973,-2.3126,0.0956,0.3703,1,1,0,671.328
80,89,in,0.3211,verify,8,9,40.000,0.9000,accepted,9,1.000000,8,47.1471,29.9042,-0.5360,47.1408,29.8714,-0.5379,0.0334,0.1077,1,1,0,1112.169
80,90,in,0.4138,single,1,1,0,0,accepted,1,1.0000,1,45.6500,43.3500,-2.9141,45.7492,43.2966,-2.9155,0.1127,0.0804,1,1,0,1219.243
80,90,in,0.4138,verify,8,9,40.000,0.9000,accepted,9,1.000000,8,43.6778,42.8518,0.6875,43.7018,42.8869,0.6915,0.0425,0.2255,1,1,0,1536.508
80,91,in,0.5293,single,1,1,0,0,accepted,1,1.0000,1,41.3500,46.4500,2.5984,41.3772,46.5030,2.6115,0.0596,0.7480,1,1,0,2009.073
80,91,in,0.5293,verify,8,9,40.000,0.9000,accepted,9,1.000000,8,39.4289,47.7111,2.5754,39.3313,47.7481,2.5749,0.1043,0.0314,1,1,0,2359.674
80,92,in,0.1355,single,1,1,0,0,accepted,1,1.0000,1,50.9500,37.6500,-1.5141,50.9827,37.6598,-1.5135,0.0341,0.0338,1,1,0,349.565
80,92,in,0.1355,verify,8,9,40.000,0.9000,accepted,9,1.000000,8,51.4835,35.3118,-1.2951,51.5036,35.3247,-1.2893,0.0239,0.3315,1,1,0,701.418
80,93,in,0.6120,single,1,1,0,0,accepted,1,1.0000,1,33.4500,37.9500,2.1784,33.4550,37.8976,2.1935,0.0526,0.8628,1,1,0,2187.688
80,93,in,0.6120,verify,8,9,40.000,0.9000,accepted,9,0.999291,8,33.6365,38.5873,-0.4226,33.6137,38.5238,-0.3736,0.0675,2.8046,1,1,0,2527.199
80,94,in,0.3095,single,1,1,0,0,accepted,1,1.0000,1,34.2500,31.7500,2.2834,34.2614,31.7610,2.2874,0.0158,0.2276,1,1,0,736.382
80,94,in,0.3095,verify,8,9,40.000,0.9000,accepted,9,1.000000,8,32.9064,32.7152,3.0111,32.8923,32.6653,3.0272,0.0519,0.9270,1,1,0,1004.204
80,95,in,0.2882,single,1,1,0,0,accepted,1,1.0000,1,42.1500,31.7500,-0.2716,42.1350,31.7182,-0.2667,0.0352,0.2790,1,1,0,594.059
80,95,in,0.2882,verify,8,9,40.000,0.9000,accepted,9,1.000000,8,44.5017,31.6134,0.2550,44.4863,31.5763,0.2517,0.0401,0.1842,1,1,0,919.037
80,96,in,0.7712,single,1,1,0,0,accepted,1,1.0000,1,44.4500,38.7500,0.7434,44.4795,38.6821,0.7316,0.0740,0.6779,1,1,0,3544.292
80,96,in,0.7712,verify,8,9,40.000,0.9000,no-candidate,9,1.000000,1,44.7984,38.6002,2.3559,44.7394,38.5324,2.3553,0.0898,0.0387,1,0,0,4747.847
80,97,in,0.3166,single,1,1,0,0,accepted,1,1.0000,1,53.0500,42.1500,1.7234,53.1017,42.1600,1.7269,0.0527,0.1986,1,1,0,955.833
80,97,in,0.3166,verify,8,9,40.000,0.9000,accepted,9,1.000000,8,53.2857,44.5866,1.4249,53.3121,44.5376,1.4214,0.0556,0.2006,1,1,0,1344.749
80,98,in,0.6177,single,1,1,0,0,accepted,1,1.0000,1,53.5500,45.8500,-2.3541,53.5673,45.9159,-2.3546,0.0682,0.0315,1,1,0,1720.988
80,98,in,0.6177,verify,8,9,40.000,0.9000,accepted,9,0.999997,8,54.0864,47.2557,1.5416,54.1066,47.2792,1.5498,0.0310,0.4717,1,1,0,2386.486
80,99,in,0.3833,single,1,1,0,0,accepted,1,1.0000,1,34.9500,49.2500,-2.4241,34.9466,49.2569,-2.4188,0.0077,0.3015,1,1,0,1028.004
80,99,in,0.3833,verify,8,9,40.000,0.9000,accepted,9,0.999895,8,33.5154,47.3405,-1.9682,33.5277,47.3572,-1.9607,0.0208,0.4293,1,1,0,1041.208
80,100,in,0.6445,single,1,1,0,0,accepted,1,1.0000,1,45.5500,33.3500,3.0884,45.5085,33.3721,3.0873,0.0470,0.0613,1,1,0,2672.868
80,100,in,0.6445,verify,8,9,40.000,0.9000,accepted,9,1.000000,8,46.1050,34.2269,0.3690,46.0797,34.1761,0.3674,0.0568,0.0915,1,1,0,3314.020
80,101,in,0.4769,single,1,1,0,0,accepted,1,1.0000,1,45.8500,54.9500,-0.9541,45.8523,54.9088,-0.9586,0.0412,0.2573,1,1,0,1353.570
80,101,in,0.4769,verify,8,9,40.000,0.9000,accepted,9,1.000000,8,47.2865,53.0518,-0.9244,47.2936,53.0106,-0.9351,0.0417,0.6135,1,1,0,2088.879
80,102,in,0.7866,single,1,1,0,0,no-candidate,1,0.0000,1,41.1500,48.7500,-0.1491,54.1500,42.7890,-0.1437,14.3015,0.3112,0,0,0,5243.452
80,102,in,0.7866,verify,8,9,40.000,0.9000,no-candidate,0,0.000000,0,41.1500,48.7500,-0.1491,54.1500,42.7890,-0.1437,14.3015,0.3112,0,0,0,5688.278
80,103,in,0.5994,single,1,1,0,0,accepted,1,1.0000,1,54.5500,54.7500,-0.7091,54.5157,54.7728,-0.7093,0.0412,0.0143,1,1,0,2422.876
80,103,in,0.5994,verify,8,9,40.000,0.9000,accepted,9,0.999998,8,56.6064,53.6410,-0.3579,56.5994,53.6218,-0.3494,0.0204,0.4879,1,1,0,3093.794
80,104,in,0.7436,single,1,1,0,0,accepted,1,1.0000,1,27.2500,55.9500,-2.9841,49.1900,46.6141,0.1410,23.8437,179.0526,0,1,1,2848.720
80,104,in,0.7436,verify,8,9,40.000,0.9000,no-candidate,9,0.999412,8,51.5821,46.6930,0.0736,51.5572,46.7482,-0.0002,0.0605,4.2266,1,0,0,3387.996
80,105,in,0.3124,single,1,1,0,0,accepted,1,1.0000,1,32.7500,37.7500,-3.1241,32.8329,37.7078,-3.1241,0.0930,0.0012,1,1,0,799.385
80,105,in,0.3124,verify,8,9,40.000,0.9000,accepted,9,1.000000,8,31.0951,38.7422,-1.2740,31.0796,38.6936,-1.2824,0.0510,0.4832,1,1,0,1093.811
80,106,in,0.5335,single,1,1,0,0,accepted,1,1.0000,1,49.2500,31.2500,3.1416,49.2784,31.2043,-3.1366,0.0538,0.2842,1,1,0,1414.654
80,106,in,0.5335,verify,8,9,40.000,0.9000,accepted,9,1.000000,8,46.8528,31.4634,-3.0665,46.9029,31.4263,-3.0670,0.0624,0.0295,1,1,0,1543.732
80,107,in,0.4753,single,1,1,0,0,accepted,1,1.0000,1,39.5500,52.7500,1.5659,39.6135,52.7163,1.5646,0.0718,0.0743,1,1,0,1917.258
80,107,in,0.4753,verify,8,9,40.000,0.9000,accepted,9,1.000000,8,39.9184,55.0390,1.4469,39.9385,55.0809,1.4331,0.0465,0.7919,1,1,0,2794.112
80,108,in,0.1424,single,1,1,0,0,accepted,1,1.0000,1,44.2500,38.5500,3.1416,44.1991,38.4841,3.1295,0.0832,0.6900,1,1,0,472.358
80,108,in,0.1424,verify,8,9,40.000,0.9000,accepted,9,1.000000,8,41.8843,38.7295,2.6942,41.8415,38.6819,2.6902,0.0640,0.2266,1,1,0,792.605
80,109,in,0.2169,single,1,1,0,0,accepted,1,1.0000,1,30.0500,37.9500,0.1659,30.0480,37.9703,0.1679,0.0204,0.1123,1,1,0,474.845
80,109,in,0.2169,verify,8,9,40.000,0.9000,accepted,9,1.000000,8,32.3892,38.5704,0.2361,32.3767,38.5326,0.2378,0.0398,0.0959,1,1,0,717.645
80,110,in,0.3153,single,1,1,0,0,accepted,1,1.0000,1,33.0500,39.9500,-1.9166,33.1447,39.9100,-1.9075,0.1028,0.5211,1,1,0,935.974
80,110,in,0.3153,verify,8,9,40.000,0.9000,accepted,9,1.000000,8,33.8552,40.4335,0.7648,33.8753,40.4436,0.7603,0.0225,0.2534,1,1,0,1511.534
80,111,in,0.2440,single,1,1,0,0,accepted,1,1.0000,1,42.8500,48.1500,-0.7966,42.9192,48.1578,-0.7879,0.0696,0.4970,1,1,0,776.630
80,111,in,0.2440,verify,8,9,40.000,0.9000,accepted,9,1.000000,8,44.3843,46.2934,-0.7975,44.4150,46.2965,-0.7877,0.0309,0.5629,1,1,0,1095.900
80,112,in,0.4420,single,1,1,0,0,accepted,1,1.0000,1,42.2500,50.0500,-0.9366,42.2009,50.0161,-0.9392,0.0597,0.1491,1,1,0,1046.443
80,112,in,0.4420,verify,8,9,40.000,0.9000,accepted,9,1.000000,8,42.6249,47.7568,-1.8977,42.6429,47.7402,-1.8935,0.0244,0.2392,1,1,0,2062.203
80,113,in,0.7427,single,1,1,0,0,accepted,1,1.0000,1,49.1500,35.6500,-1.4091,49.0703,35.6485,-1.4134,0.0797,0.2492,1,1,0,3372.448
80,113,in,0.7427,verify,8,9,40.000,0.9000,accepted,9,0.999601,8,49.1948,33.2594,-1.4723,49.1554,33.2620,-1.4565,0.0395,0.9029,1,1,0,3314.887
80,114,in,0.0159,single,1,1,0,0,accepted,1,1.0000,1,31.5500,30.5500,0.1309,31.6295,30.5860,0.1275,0.0873,0.1941,1,1,0,221.336
80,114,in,0.0159,verify,8,9,40.000,0.9000,accepted,9,1.000000,8,34.0276,30.8487,-0.0451,33.9871,30.7982,-0.0523,0.0648,0.4149,1,1,0,531.014
80,115,in,0.6261,single,1,1,0,0,accepted,1,1.0000,1,39.5500,31.1500,-0.7616,39.5592,31.1483,-0.7729,0.0093,0.6475,1,1,0,2261.930
80,115,in,0.6261,verify,8,9,40.000,0.9000,accepted,9,0.999962,8,41.0930,29.2935,-1.0639,41.0873,29.3147,-1.0487,0.0220,0.8680,1,1,0,2510.814
80,116,in,0.5115,single,1,1,0,0,accepted,1,1.0000,1,44.8500,47.3500,-2.9141,44.8740,47.3825,-2.9156,0.0404,0.0847,1,1,0,2749.629
80,116,in,0.5115,verify,8,9,40.000,0.9000,accepted,9,1.000000,8,42.5897,46.7517,3.0999,42.6096,46.7669,3.1035,0.0250,0.2079,1,1,0,3349.212
80,117,in,0.3476,single,1,1,0,0,accepted,1,1.0000,1,55.0500,42.2500,1.4784,55.2149,42.2542,1.4738,0.1649,0.2665,1,1,0,983.556
80,117,in,0.3476,verify,8,9,40.000,0.9000,accepted,9,1.000000,8,55.0024,44.6564,1.8448,55.0413,44.6354,1.8419,0.0442,0.1699,1,1,0,1287.721
80,118,in,0.7700,single,1,1,0,0,accepted,1,1.0000,1,47.1500,39.8500,-2.6166,51.6698,32.6706,0.4879,8.4837,177.8757,0,1,1,3129.673
80,118,in,0.7700,verify,8,9,40.000,0.9000,ambiguous,9,0.423442,8,46.6115,41.0784,2.4218,52.9420,31.4133,-0.7136,11.5538,179.6465,0,0,0,3540.537
80,119,in,0.3865,single,1,1,0,0,accepted,1,1.0000,1,52.9500,49.1500,2.5109,52.9415,49.0942,2.5217,0.0564,0.6170,1,1,0,625.868
80,119,in,0.3865,verify,8,9,40.000,0.9000,accepted,9,1.000000,8,50.8599,50.0261,2.4134,50.7769,50.0088,2.4252,0.0847,0.6799,1,1,0,1439.427
