top_k,verify_scans,evidence_gain,min_posterior,n,correct,false_accept,ambiguous,no_candidate
1,1,10.0,0.9,200,160,12,0,28
1,1,10.0,0.95,200,160,12,0,28
1,1,10.0,0.99,200,160,12,0,28
1,1,10.0,0.999,200,160,12,0,28
1,1,20.0,0.9,200,160,12,0,28
1,1,20.0,0.95,200,160,12,0,28
1,1,20.0,0.99,200,160,12,0,28
1,1,20.0,0.999,200,160,12,0,28
1,1,40.0,0.9,200,160,12,0,28
1,1,40.0,0.95,200,160,12,0,28
1,1,40.0,0.99,200,160,12,0,28
1,1,40.0,0.999,200,160,12,0,28
1,1,80.0,0.9,200,160,12,0,28
1,1,80.0,0.95,200,160,12,0,28
1,1,80.0,0.99,200,160,12,0,28
1,1,80.0,0.999,200,160,12,0,28
1,1,160.0,0.9,200,160,12,0,28
1,1,160.0,0.95,200,160,12,0,28
1,1,160.0,0.99,200,160,12,0,28
1,1,160.0,0.999,200,160,12,0,28
1,2,10.0,0.9,200,158,12,0,30
1,2,10.0,0.95,200,158,12,0,30
1,2,10.0,0.99,200,158,12,0,30
1,2,10.0,0.999,200,158,12,0,30
1,2,20.0,0.9,200,158,12,0,30
1,2,20.0,0.95,200,158,12,0,30
1,2,20.0,0.99,200,158,12,0,30
1,2,20.0,0.999,200,158,12,0,30
1,2,40.0,0.9,200,158,12,0,30
1,2,40.0,0.95,200,158,12,0,30
1,2,40.0,0.99,200,158,12,0,30
1,2,40.0,0.999,200,158,12,0,30
1,2,80.0,0.9,200,158,12,0,30
1,2,80.0,0.95,200,158,12,0,30
1,2,80.0,0.99,200,158,12,0,30
1,2,80.0,0.999,200,158,12,0,30
1,2,160.0,0.9,200,158,12,0,30
1,2,160.0,0.95,200,158,12,0,30
1,2,160.0,0.99,200,158,12,0,30
1,2,160.0,0.999,200,158,12,0,30
1,3,10.0,0.9,200,159,11,0,30
1,3,10.0,0.95,200,159,11,0,30
1,3,10.0,0.99,200,159,11,0,30
1,3,10.0,0.999,200,159,11,0,30
1,3,20.0,0.9,200,159,11,0,30
1,3,20.0,0.95,200,159,11,0,30
1,3,20.0,0.99,200,159,11,0,30
1,3,20.0,0.999,200,159,11,0,30
1,3,40.0,0.9,200,159,11,0,30
1,3,40.0,0.95,200,159,11,0,30
1,3,40.0,0.99,200,159,11,0,30
1,3,40.0,0.999,200,159,11,0,30
1,3,80.0,0.9,200,159,11,0,30
1,3,80.0,0.95,200,159,11,0,30
1,3,80.0,0.99,200,159,11,0,30
1,3,80.0,0.999,200,159,11,0,30
1,3,160.0,0.9,200,159,11,0,30
1,3,160.0,0.95,200,159,11,0,30
1,3,160.0,0.99,200,159,11,0,30
1,3,160.0,0.999,200,159,11,0,30
1,4,10.0,0.9,200,159,11,0,30
1,4,10.0,0.95,200,159,11,0,30
1,4,10.0,0.99,200,159,11,0,30
1,4,10.0,0.999,200,159,11,0,30
1,4,20.0,0.9,200,159,11,0,30
1,4,20.0,0.95,200,159,11,0,30
1,4,20.0,0.99,200,159,11,0,30
1,4,20.0,0.999,200,159,11,0,30
1,4,40.0,0.9,200,159,11,0,30
1,4,40.0,0.95,200,159,11,0,30
1,4,40.0,0.99,200,159,11,0,30
1,4,40.0,0.999,200,159,11,0,30
1,4,80.0,0.9,200,159,11,0,30
1,4,80.0,0.95,200,159,11,0,30
1,4,80.0,0.99,200,159,11,0,30
1,4,80.0,0.999,200,159,11,0,30
1,4,160.0,0.9,200,159,11,0,30
1,4,160.0,0.95,200,159,11,0,30
1,4,160.0,0.99,200,159,11,0,30
1,4,160.0,0.999,200,159,11,0,30
1,5,10.0,0.9,200,159,12,0,29
1,5,10.0,0.95,200,159,12,0,29
1,5,10.0,0.99,200,159,12,0,29
1,5,10.0,0.999,200,159,12,0,29
1,5,20.0,0.9,200,159,12,0,29
1,5,20.0,0.95,200,159,12,0,29
1,5,20.0,0.99,200,159,12,0,29
1,5,20.0,0.999,200,159,12,0,29
1,5,40.0,0.9,200,159,12,0,29
1,5,40.0,0.95,200,159,12,0,29
1,5,40.0,0.99,200,159,12,0,29
1,5,40.0,0.999,200,159,12,0,29
1,5,80.0,0.9,200,159,12,0,29
1,5,80.0,0.95,200,159,12,0,29
1,5,80.0,0.99,200,159,12,0,29
1,5,80.0,0.999,200,159,12,0,29
1,5,160.0,0.9,200,159,12,0,29
1,5,160.0,0.95,200,159,12,0,29
1,5,160.0,0.99,200,159,12,0,29
1,5,160.0,0.999,200,159,12,0,29
1,6,10.0,0.9,200,158,12,0,30
1,6,10.0,0.95,200,158,12,0,30
1,6,10.0,0.99,200,158,12,0,30
1,6,10.0,0.999,200,158,12,0,30
1,6,20.0,0.9,200,158,12,0,30
1,6,20.0,0.95,200,158,12,0,30
1,6,20.0,0.99,200,158,12,0,30
1,6,20.0,0.999,200,158,12,0,30
1,6,40.0,0.9,200,158,12,0,30
1,6,40.0,0.95,200,158,12,0,30
1,6,40.0,0.99,200,158,12,0,30
1,6,40.0,0.999,200,158,12,0,30
1,6,80.0,0.9,200,158,12,0,30
1,6,80.0,0.95,200,158,12,0,30
1,6,80.0,0.99,200,158,12,0,30
1,6,80.0,0.999,200,158,12,0,30
1,6,160.0,0.9,200,158,12,0,30
1,6,160.0,0.95,200,158,12,0,30
1,6,160.0,0.99,200,158,12,0,30
1,6,160.0,0.999,200,158,12,0,30
1,7,10.0,0.9,200,159,11,0,30
1,7,10.0,0.95,200,159,11,0,30
1,7,10.0,0.99,200,159,11,0,30
1,7,10.0,0.999,200,159,11,0,30
1,7,20.0,0.9,200,159,11,0,30
1,7,20.0,0.95,200,159,11,0,30
1,7,20.0,0.99,200,159,11,0,30
1,7,20.0,0.999,200,159,11,0,30
1,7,40.0,0.9,200,159,11,0,30
1,7,40.0,0.95,200,159,11,0,30
1,7,40.0,0.99,200,159,11,0,30
1,7,40.0,0.999,200,159,11,0,30
1,7,80.0,0.9,200,159,11,0,30
1,7,80.0,0.95,200,159,11,0,30
1,7,80.0,0.99,200,159,11,0,30
1,7,80.0,0.999,200,159,11,0,30
1,7,160.0,0.9,200,159,11,0,30
1,7,160.0,0.95,200,159,11,0,30
1,7,160.0,0.99,200,159,11,0,30
1,7,160.0,0.999,200,159,11,0,30
1,8,10.0,0.9,200,159,11,0,30
1,8,10.0,0.95,200,159,11,0,30
1,8,10.0,0.99,200,159,11,0,30
1,8,10.0,0.999,200,159,11,0,30
1,8,20.0,0.9,200,159,11,0,30
1,8,20.0,0.95,200,159,11,0,30
1,8,20.0,0.99,200,159,11,0,30
1,8,20.0,0.999,200,159,11,0,30
1,8,40.0,0.9,200,159,11,0,30
1,8,40.0,0.95,200,159,11,0,30
1,8,40.0,0.99,200,159,11,0,30
1,8,40.0,0.999,200,159,11,0,30
1,8,80.0,0.9,200,159,11,0,30
1,8,80.0,0.95,200,159,11,0,30
1,8,80.0,0.99,200,159,11,0,30
1,8,80.0,0.999,200,159,11,0,30
1,8,160.0,0.9,200,159,11,0,30
1,8,160.0,0.95,200,159,11,0,30
1,8,160.0,0.99,200,159,11,0,30
1,8,160.0,0.999,200,159,11,0,30
1,9,10.0,0.9,200,160,10,0,30
1,9,10.0,0.95,200,160,10,0,30
1,9,10.0,0.99,200,160,10,0,30
1,9,10.0,0.999,200,160,10,0,30
1,9,20.0,0.9,200,160,10,0,30
1,9,20.0,0.95,200,160,10,0,30
1,9,20.0,0.99,200,160,10,0,30
1,9,20.0,0.999,200,160,10,0,30
1,9,40.0,0.9,200,160,10,0,30
1,9,40.0,0.95,200,160,10,0,30
1,9,40.0,0.99,200,160,10,0,30
1,9,40.0,0.999,200,160,10,0,30
1,9,80.0,0.9,200,160,10,0,30
1,9,80.0,0.95,200,160,10,0,30
1,9,80.0,0.99,200,160,10,0,30
1,9,80.0,0.999,200,160,10,0,30
1,9,160.0,0.9,200,160,10,0,30
1,9,160.0,0.95,200,160,10,0,30
1,9,160.0,0.99,200,160,10,0,30
1,9,160.0,0.999,200,160,10,0,30
1,10,10.0,0.9,200,160,10,0,30
1,10,10.0,0.95,200,160,10,0,30
1,10,10.0,0.99,200,160,10,0,30
1,10,10.0,0.999,200,160,10,0,30
1,10,20.0,0.9,200,160,10,0,30
1,10,20.0,0.95,200,160,10,0,30
1,10,20.0,0.99,200,160,10,0,30
1,10,20.0,0.999,200,160,10,0,30
1,10,40.0,0.9,200,160,10,0,30
1,10,40.0,0.95,200,160,10,0,30
1,10,40.0,0.99,200,160,10,0,30
1,10,40.0,0.999,200,160,10,0,30
1,10,80.0,0.9,200,160,10,0,30
1,10,80.0,0.95,200,160,10,0,30
1,10,80.0,0.99,200,160,10,0,30
1,10,80.0,0.999,200,160,10,0,30
1,10,160.0,0.9,200,160,10,0,30
1,10,160.0,0.95,200,160,10,0,30
1,10,160.0,0.99,200,160,10,0,30
1,10,160.0,0.999,200,160,10,0,30
1,11,10.0,0.9,200,160,9,0,31
1,11,10.0,0.95,200,160,9,0,31
1,11,10.0,0.99,200,160,9,0,31
1,11,10.0,0.999,200,160,9,0,31
1,11,20.0,0.9,200,160,9,0,31
1,11,20.0,0.95,200,160,9,0,31
1,11,20.0,0.99,200,160,9,0,31
1,11,20.0,0.999,200,160,9,0,31
1,11,40.0,0.9,200,160,9,0,31
1,11,40.0,0.95,200,160,9,0,31
1,11,40.0,0.99,200,160,9,0,31
1,11,40.0,0.999,200,160,9,0,31
1,11,80.0,0.9,200,160,9,0,31
1,11,80.0,0.95,200,160,9,0,31
1,11,80.0,0.99,200,160,9,0,31
1,11,80.0,0.999,200,160,9,0,31
1,11,160.0,0.9,200,160,9,0,31
1,11,160.0,0.95,200,160,9,0,31
1,11,160.0,0.99,200,160,9,0,31
1,11,160.0,0.999,200,160,9,0,31
1,12,10.0,0.9,200,160,9,0,31
1,12,10.0,0.95,200,160,9,0,31
1,12,10.0,0.99,200,160,9,0,31
1,12,10.0,0.999,200,160,9,0,31
1,12,20.0,0.9,200,160,9,0,31
1,12,20.0,0.95,200,160,9,0,31
1,12,20.0,0.99,200,160,9,0,31
1,12,20.0,0.999,200,160,9,0,31
1,12,40.0,0.9,200,160,9,0,31
1,12,40.0,0.95,200,160,9,0,31
1,12,40.0,0.99,200,160,9,0,31
1,12,40.0,0.999,200,160,9,0,31
1,12,80.0,0.9,200,160,9,0,31
1,12,80.0,0.95,200,160,9,0,31
1,12,80.0,0.99,200,160,9,0,31
1,12,80.0,0.999,200,160,9,0,31
1,12,160.0,0.9,200,160,9,0,31
1,12,160.0,0.95,200,160,9,0,31
1,12,160.0,0.99,200,160,9,0,31
1,12,160.0,0.999,200,160,9,0,31
2,1,10.0,0.9,200,12,0,160,28
2,1,10.0,0.95,200,11,0,161,28
2,1,10.0,0.99,200,10,0,162,28
2,1,10.0,0.999,200,10,0,162,28
2,1,20.0,0.9,200,48,0,124,28
2,1,20.0,0.95,200,24,0,148,28
2,1,20.0,0.99,200,12,0,160,28
2,1,20.0,0.999,200,11,0,161,28
2,1,40.0,0.9,200,105,0,67,28
2,1,40.0,0.95,200,83,0,89,28
2,1,40.0,0.99,200,45,0,127,28
2,1,40.0,0.999,200,17,0,155,28
2,1,80.0,0.9,200,135,0,37,28
2,1,80.0,0.95,200,126,0,46,28
2,1,80.0,0.99,200,101,0,71,28
2,1,80.0,0.999,200,72,0,100,28
2,1,160.0,0.9,200,149,0,23,28
2,1,160.0,0.95,200,145,0,27,28
2,1,160.0,0.99,200,134,0,38,28
2,1,160.0,0.999,200,120,0,52,28
2,2,10.0,0.9,200,52,0,118,30
2,2,10.0,0.95,200,29,0,141,30
2,2,10.0,0.99,200,10,0,160,30
2,2,10.0,0.999,200,9,0,161,30
2,2,20.0,0.9,200,114,0,56,30
2,2,20.0,0.95,200,96,0,74,30
2,2,20.0,0.99,200,46,0,124,30
2,2,20.0,0.999,200,16,0,154,30
2,2,40.0,0.9,200,141,0,29,30
2,2,40.0,0.95,200,137,0,33,30
2,2,40.0,0.99,200,110,0,60,30
2,2,40.0,0.999,200,78,0,92,30
2,2,80.0,0.9,200,154,1,15,30
2,2,80.0,0.95,200,150,0,20,30
2,2,80.0,0.99,200,141,0,29,30
2,2,80.0,0.999,200,129,0,41,30
2,2,160.0,0.9,200,156,3,11,30
2,2,160.0,0.95,200,156,2,12,30
2,2,160.0,0.99,200,152,0,18,30
2,2,160.0,0.999,200,148,0,22,30
2,3,10.0,0.9,200,102,0,70,28
2,3,10.0,0.95,200,69,0,103,28
2,3,10.0,0.99,200,29,0,143,28
2,3,10.0,0.999,200,12,0,160,28
2,3,20.0,0.9,200,142,0,30,28
2,3,20.0,0.95,200,128,0,44,28
2,3,20.0,0.99,200,97,0,75,28
2,3,20.0,0.999,200,50,0,122,28
2,3,40.0,0.9,200,157,0,15,28
2,3,40.0,0.95,200,152,0,20,28
2,3,40.0,0.99,200,139,0,33,28
2,3,40.0,0.999,200,117,0,55,28
2,3,80.0,0.9,200,158,1,12,29
2,3,80.0,0.95,200,158,0,14,28
2,3,80.0,0.99,200,156,0,16,28
2,3,80.0,0.999,200,149,0,23,28
2,3,160.0,0.9,200,159,5,7,29
2,3,160.0,0.95,200,159,2,10,29
2,3,160.0,0.99,200,158,1,12,29
2,3,160.0,0.999,200,157,0,15,28
2,4,10.0,0.9,200,124,0,48,28
2,4,10.0,0.95,200,96,0,76,28
2,4,10.0,0.99,200,52,0,120,28
2,4,10.0,0.999,200,18,0,154,28
2,4,20.0,0.9,200,151,0,21,28
2,4,20.0,0.95,200,145,0,27,28
2,4,20.0,0.99,200,121,0,51,28
2,4,20.0,0.999,200,83,0,89,28
2,4,40.0,0.9,200,158,0,13,29
2,4,40.0,0.95,200,157,0,15,28
2,4,40.0,0.99,200,149,0,23,28
2,4,40.0,0.999,200,139,0,33,28
2,4,80.0,0.9,200,159,1,11,29
2,4,80.0,0.95,200,159,1,11,29
2,4,80.0,0.99,200,157,0,14,29
2,4,80.0,0.999,200,155,0,17,28
2,4,160.0,0.9,200,160,3,8,29
2,4,160.0,0.95,200,159,2,10,29
2,4,160.0,0.99,200,159,1,11,29
2,4,160.0,0.999,200,158,0,13,29
2,5,10.0,0.9,200,137,0,35,28
2,5,10.0,0.95,200,122,0,50,28
2,5,10.0,0.99,200,80,0,92,28
2,5,10.0,0.999,200,41,0,131,28
2,5,20.0,0.9,200,156,0,16,28
2,5,20.0,0.95,200,149,0,23,28
2,5,20.0,0.99,200,135,0,37,28
2,5,20.0,0.999,200,112,0,60,28
2,5,40.0,0.9,200,158,2,12,28
2,5,40.0,0.95,200,157,1,14,28
2,5,40.0,0.99,200,154,0,18,28
2,5,40.0,0.999,200,147,0,25,28
2,5,80.0,0.9,200,160,5,7,28
2,5,80.0,0.95,200,160,3,9,28
2,5,80.0,0.99,200,158,2,12,28
2,5,80.0,0.999,200,157,1,14,28
2,5,160.0,0.9,200,160,8,4,28
2,5,160.0,0.95,200,160,8,4,28
2,5,160.0,0.99,200,160,5,7,28
2,5,160.0,0.999,200,160,2,10,28
2,6,10.0,0.9,200,146,0,25,29
2,6,10.0,0.95,200,133,0,38,29
2,6,10.0,0.99,200,95,0,76,29
2,6,10.0,0.999,200,54,0,117,29
2,6,20.0,0.9,200,156,0,15,29
2,6,20.0,0.95,200,153,0,18,29
2,6,20.0,0.99,200,145,0,26,29
2,6,20.0,0.999,200,122,0,49,29
2,6,40.0,0.9,200,159,3,9,29
2,6,40.0,0.95,200,159,1,11,29
2,6,40.0,0.99,200,156,0,15,29
2,6,40.0,0.999,200,151,0,20,29
2,6,80.0,0.9,200,159,6,6,29
2,6,80.0,0.95,200,159,5,7,29
2,6,80.0,0.99,200,159,3,9,29
2,6,80.0,0.999,200,157,1,13,29
2,6,160.0,0.9,200,159,8,3,30
2,6,160.0,0.95,200,159,8,4,29
2,6,160.0,0.99,200,159,6,6,29
2,6,160.0,0.999,200,159,3,9,29
2,7,10.0,0.9,200,149,0,23,28
2,7,10.0,0.95,200,143,0,29,28
2,7,10.0,0.99,200,114,0,58,28
2,7,10.0,0.999,200,70,0,102,28
2,7,20.0,0.9,200,159,0,13,28
2,7,20.0,0.95,200,156,0,16,28
2,7,20.0,0.99,200,149,0,23,28
2,7,20.0,0.999,200,137,0,35,28
2,7,40.0,0.9,200,160,4,8,28
2,7,40.0,0.95,200,160,3,9,28
2,7,40.0,0.99,200,158,0,14,28
2,7,40.0,0.999,200,153,0,19,28
2,7,80.0,0.9,200,160,9,2,29
2,7,80.0,0.95,200,160,7,4,29
2,7,80.0,0.99,200,160,4,8,28
2,7,80.0,0.999,200,160,3,9,28
2,7,160.0,0.9,200,160,11,0,29
2,7,160.0,0.95,200,160,10,1,29
2,7,160.0,0.99,200,160,9,2,29
2,7,160.0,0.999,200,160,6,6,28
2,8,10.0,0.9,200,153,0,18,29
2,8,10.0,0.95,200,144,0,27,29
2,8,10.0,0.99,200,123,0,48,29
2,8,10.0,0.999,200,82,0,89,29
2,8,20.0,0.9,200,158,0,13,29
2,8,20.0,0.95,200,156,0,15,29
2,8,20.0,0.99,200,153,0,18,29
2,8,20.0,0.999,200,141,0,30,29
2,8,40.0,0.9,200,160,5,5,30
2,8,40.0,0.95,200,160,3,8,29
2,8,40.0,0.99,200,158,0,13,29
2,8,40.0,0.999,200,155,0,16,29
2,8,80.0,0.9,200,160,7,3,30
2,8,80.0,0.95,200,160,7,3,30
2,8,80.0,0.99,200,160,5,5,30
2,8,80.0,0.999,200,160,1,10,29
2,8,160.0,0.9,200,160,10,0,30
2,8,160.0,0.95,200,160,10,0,30
2,8,160.0,0.99,200,160,7,3,30
2,8,160.0,0.999,200,160,6,4,30
2,9,10.0,0.9,200,156,0,16,28
2,9,10.0,0.95,200,149,0,23,28
2,9,10.0,0.99,200,133,0,39,28
2,9,10.0,0.999,200,103,0,69,28
2,9,20.0,0.9,200,160,1,11,28
2,9,20.0,0.95,200,159,0,13,28
2,9,20.0,0.99,200,155,0,17,28
2,9,20.0,0.999,200,145,0,27,28
2,9,40.0,0.9,200,161,6,4,29
2,9,40.0,0.95,200,161,4,6,29
2,9,40.0,0.99,200,160,1,11,28
2,9,40.0,0.999,200,157,0,15,28
2,9,80.0,0.9,200,161,8,2,29
2,9,80.0,0.95,200,161,6,4,29
2,9,80.0,0.99,200,161,6,4,29
2,9,80.0,0.999,200,161,1,9,29
2,9,160.0,0.9,200,161,9,1,29
2,9,160.0,0.95,200,161,9,1,29
2,9,160.0,0.99,200,161,8,2,29
2,9,160.0,0.999,200,161,6,4,29
2,10,10.0,0.9,200,156,0,16,28
2,10,10.0,0.95,200,152,0,20,28
2,10,10.0,0.99,200,140,0,32,28
2,10,10.0,0.999,200,113,0,59,28
2,10,20.0,0.9,200,160,3,9,28
2,10,20.0,0.95,200,160,1,11,28
2,10,20.0,0.99,200,156,0,16,28
2,10,20.0,0.999,200,148,0,24,28
2,10,40.0,0.9,200,161,6,4,29
2,10,40.0,0.95,200,161,6,4,29
2,10,40.0,0.99,200,160,2,10,28
2,10,40.0,0.999,200,159,1,12,28
2,10,80.0,0.9,200,161,6,3,30
2,10,80.0,0.95,200,161,6,3,30
2,10,80.0,0.99,200,161,6,4,29
2,10,80.0,0.999,200,160,5,6,29
2,10,160.0,0.9,200,161,7,2,30
2,10,160.0,0.95,200,161,7,2,30
2,10,160.0,0.99,200,161,6,3,30
2,10,160.0,0.999,200,161,6,4,29
2,11,10.0,0.9,200,158,0,14,28
2,11,10.0,0.95,200,153,0,19,28
2,11,10.0,0.99,200,143,0,29,28
2,11,10.0,0.999,200,120,0,52,28
2,11,20.0,0.9,200,161,3,7,29
2,11,20.0,0.95,200,160,1,11,28
2,11,20.0,0.99,200,158,0,14,28
2,11,20.0,0.999,200,152,0,20,28
2,11,40.0,0.9,200,161,6,4,29
2,11,40.0,0.95,200,161,6,4,29
2,11,40.0,0.99,200,161,3,8,28
2,11,40.0,0.999,200,160,1,11,28
2,11,80.0,0.9,200,161,7,3,29
2,11,80.0,0.95,200,161,7,3,29
2,11,80.0,0.99,200,161,6,4,29
2,11,80.0,0.999,200,161,6,4,29
2,11,160.0,0.9,200,161,9,1,29
2,11,160.0,0.95,200,161,9,1,29
2,11,160.0,0.99,200,161,7,3,29
2,11,160.0,0.999,200,161,6,4,29
2,12,10.0,0.9,200,159,0,13,28
2,12,10.0,0.95,200,156,0,16,28
2,12,10.0,0.99,200,147,0,25,28
2,12,10.0,0.999,200,125,0,47,28
2,12,20.0,0.9,200,161,4,6,29
2,12,20.0,0.95,200,161,3,8,28
2,12,20.0,0.99,200,158,0,14,28
2,12,20.0,0.999,200,155,0,17,28
2,12,40.0,0.9,200,161,6,4,29
2,12,40.0,0.95,200,161,6,4,29
2,12,40.0,0.99,200,161,4,6,29
2,12,40.0,0.999,200,160,1,11,28
2,12,80.0,0.9,200,161,8,1,30
2,12,80.0,0.95,200,161,7,2,30
2,12,80.0,0.99,200,161,6,4,29
2,12,80.0,0.999,200,161,5,5,29
2,12,160.0,0.9,200,161,8,1,30
2,12,160.0,0.95,200,161,8,1,30
2,12,160.0,0.99,200,161,8,1,30
2,12,160.0,0.999,200,161,6,3,30
3,1,10.0,0.9,200,11,0,161,28
3,1,10.0,0.95,200,11,0,161,28
3,1,10.0,0.99,200,10,0,162,28
3,1,10.0,0.999,200,10,0,162,28
3,1,20.0,0.9,200,28,0,144,28
3,1,20.0,0.95,200,16,0,156,28
3,1,20.0,0.99,200,12,0,160,28
3,1,20.0,0.999,200,10,0,162,28
3,1,40.0,0.9,200,91,0,81,28
3,1,40.0,0.95,200,71,0,101,28
3,1,40.0,0.99,200,35,0,137,28
3,1,40.0,0.999,200,15,0,157,28
3,1,80.0,0.9,200,128,0,44,28
3,1,80.0,0.95,200,120,0,52,28
3,1,80.0,0.99,200,98,0,74,28
3,1,80.0,0.999,200,68,0,104,28
3,1,160.0,0.9,200,148,0,24,28
3,1,160.0,0.95,200,143,0,29,28
3,1,160.0,0.99,200,130,0,42,28
3,1,160.0,0.999,200,120,0,52,28
3,2,10.0,0.9,200,34,0,136,30
3,2,10.0,0.95,200,16,0,154,30
3,2,10.0,0.99,200,10,0,160,30
3,2,10.0,0.999,200,9,0,161,30
3,2,20.0,0.9,200,102,0,68,30
3,2,20.0,0.95,200,74,0,96,30
3,2,20.0,0.99,200,36,0,134,30
3,2,20.0,0.999,200,13,0,157,30
3,2,40.0,0.9,200,138,0,32,30
3,2,40.0,0.95,200,127,0,43,30
3,2,40.0,0.99,200,108,0,62,30
3,2,40.0,0.999,200,70,0,100,30
3,2,80.0,0.9,200,150,0,20,30
3,2,80.0,0.95,200,147,0,23,30
3,2,80.0,0.99,200,139,0,31,30
3,2,80.0,0.999,200,124,0,46,30
3,2,160.0,0.9,200,155,2,13,30
3,2,160.0,0.95,200,154,2,14,30
3,2,160.0,0.99,200,150,0,20,30
3,2,160.0,0.999,200,146,0,24,30
3,3,10.0,0.9,200,77,0,95,28
3,3,10.0,0.95,200,48,0,124,28
3,3,10.0,0.99,200,18,0,154,28
3,3,10.0,0.999,200,12,0,160,28
3,3,20.0,0.9,200,131,0,41,28
3,3,20.0,0.95,200,115,0,57,28
3,3,20.0,0.99,200,82,0,90,28
3,3,20.0,0.999,200,45,0,127,28
3,3,40.0,0.9,200,154,0,18,28
3,3,40.0,0.95,200,147,0,25,28
3,3,40.0,0.99,200,134,0,38,28
3,3,40.0,0.999,200,111,0,61,28
3,3,80.0,0.9,200,159,1,12,28
3,3,80.0,0.95,200,158,1,13,28
3,3,80.0,0.99,200,154,0,18,28
3,3,80.0,0.999,200,146,0,26,28
3,3,160.0,0.9,200,160,5,6,29
3,3,160.0,0.95,200,160,3,8,29
3,3,160.0,0.99,200,159,1,12,28
3,3,160.0,0.999,200,157,1,14,28
3,4,10.0,0.9,200,105,0,67,28
3,4,10.0,0.95,200,82,0,90,28
3,4,10.0,0.99,200,43,0,129,28
3,4,10.0,0.999,200,17,0,155,28
3,4,20.0,0.9,200,147,0,25,28
3,4,20.0,0.95,200,136,0,36,28
3,4,20.0,0.99,200,112,0,60,28
3,4,20.0,0.999,200,74,0,98,28
3,4,40.0,0.9,200,156,1,15,28
3,4,40.0,0.95,200,153,0,19,28
3,4,40.0,0.99,200,147,0,25,28
3,4,40.0,0.999,200,133,0,39,28
3,4,80.0,0.9,200,160,1,10,29
3,4,80.0,0.95,200,160,1,10,29
3,4,80.0,0.99,200,158,1,13,28
3,4,80.0,0.999,200,152,0,20,28
3,4,160.0,0.9,200,161,3,7,29
3,4,160.0,0.95,200,160,3,8,29
3,4,160.0,0.99,200,160,2,9,29
3,4,160.0,0.999,200,159,1,12,28
3,5,10.0,0.9,200,127,0,45,28
3,5,10.0,0.95,200,108,0,64,28
3,5,10.0,0.99,200,69,0,103,28
3,5,10.0,0.999,200,31,0,141,28
3,5,20.0,0.9,200,151,1,20,28
3,5,20.0,0.95,200,146,0,26,28
3,5,20.0,0.99,200,132,0,40,28
3,5,20.0,0.999,200,102,0,70,28
3,5,40.0,0.9,200,159,1,12,28
3,5,40.0,0.95,200,157,1,14,28
3,5,40.0,0.99,200,151,1,20,28
3,5,40.0,0.999,200,144,0,28,28
3,5,80.0,0.9,200,161,3,8,28
3,5,80.0,0.95,200,161,3,8,28
3,5,80.0,0.99,200,159,1,12,28
3,5,80.0,0.999,200,156,1,15,28
3,5,160.0,0.9,200,161,4,6,29
3,5,160.0,0.95,200,161,4,6,29
3,5,160.0,0.99,200,161,3,8,28
3,5,160.0,0.999,200,161,3,8,28
3,6,10.0,0.9,200,135,0,36,29
3,6,10.0,0.95,200,123,0,48,29
3,6,10.0,0.99,200,86,0,85,29
3,6,10.0,0.999,200,49,0,122,29
3,6,20.0,0.9,200,156,1,14,29
3,6,20.0,0.95,200,149,1,21,29
3,6,20.0,0.99,200,138,0,33,29
3,6,20.0,0.999,200,116,0,55,29
3,6,40.0,0.9,200,160,2,9,29
3,6,40.0,0.95,200,159,1,11,29
3,6,40.0,0.99,200,156,1,14,29
3,6,40.0,0.999,200,147,0,24,29
3,6,80.0,0.9,200,160,3,8,29
3,6,80.0,0.95,200,160,3,8,29
3,6,80.0,0.99,200,160,2,9,29
3,6,80.0,0.999,200,158,1,12,29
3,6,160.0,0.9,200,160,5,6,29
3,6,160.0,0.95,200,160,4,7,29
3,6,160.0,0.99,200,160,3,8,29
3,6,160.0,0.999,200,160,3,8,29
3,7,10.0,0.9,200,145,0,27,28
3,7,10.0,0.95,200,132,0,40,28
3,7,10.0,0.99,200,103,0,69,28
3,7,10.0,0.999,200,67,0,105,28
3,7,20.0,0.9,200,157,1,14,28
3,7,20.0,0.95,200,155,1,16,28
3,7,20.0,0.99,200,146,0,26,28
3,7,20.0,0.999,200,131,0,41,28
3,7,40.0,0.9,200,161,3,8,28
3,7,40.0,0.95,200,161,1,10,28
3,7,40.0,0.99,200,157,1,14,28
3,7,40.0,0.999,200,151,1,20,28
3,7,80.0,0.9,200,161,4,6,29
3,7,80.0,0.95,200,161,4,7,28
3,7,80.0,0.99,200,161,3,8,28
3,7,80.0,0.999,200,161,1,10,28
3,7,160.0,0.9,200,161,6,4,29
3,7,160.0,0.95,200,161,5,5,29
3,7,160.0,0.99,200,161,4,6,29
3,7,160.0,0.999,200,161,4,7,28
3,8,10.0,0.9,200,148,0,23,29
3,8,10.0,0.95,200,141,0,30,29
3,8,10.0,0.99,200,115,0,56,29
3,8,10.0,0.999,200,76,0,95,29
3,8,20.0,0.9,200,157,1,13,29
3,8,20.0,0.95,200,156,1,14,29
3,8,20.0,0.99,200,149,0,22,29
3,8,20.0,0.999,200,134,0,37,29
3,8,40.0,0.9,200,161,3,7,29
3,8,40.0,0.95,200,161,1,9,29
3,8,40.0,0.99,200,158,1,12,29
3,8,40.0,0.999,200,155,1,15,29
3,8,80.0,0.9,200,161,4,6,29
3,8,80.0,0.95,200,161,3,7,29
3,8,80.0,0.99,200,161,3,7,29
3,8,80.0,0.999,200,161,1,9,29
3,8,160.0,0.9,200,161,7,3,29
3,8,160.0,0.95,200,161,6,4,29
3,8,160.0,0.99,200,161,5,5,29
3,8,160.0,0.999,200,161,3,7,29
3,9,10.0,0.9,200,153,0,19,28
3,9,10.0,0.95,200,144,0,28,28
3,9,10.0,0.99,200,126,0,46,28
3,9,10.0,0.999,200,96,0,76,28
3,9,20.0,0.9,200,161,1,10,28
3,9,20.0,0.95,200,158,1,13,28
3,9,20.0,0.99,200,153,0,19,28
3,9,20.0,0.999,200,143,0,29,28
3,9,40.0,0.9,200,162,3,7,28
3,9,40.0,0.95,200,162,1,9,28
3,9,40.0,0.99,200,161,1,10,28
3,9,40.0,0.999,200,156,1,15,28
3,9,80.0,0.9,200,162,6,4,28
3,9,80.0,0.95,200,162,4,6,28
3,9,80.0,0.99,200,162,3,7,28
3,9,80.0,0.999,200,162,1,9,28
3,9,160.0,0.9,200,162,8,2,28
3,9,160.0,0.95,200,162,6,4,28
3,9,160.0,0.99,200,162,6,4,28
3,9,160.0,0.999,200,162,4,6,28
3,10,10.0,0.9,200,155,1,16,28
3,10,10.0,0.95,200,148,0,24,28
3,10,10.0,0.99,200,131,0,41,28
3,10,10.0,0.999,200,103,0,69,28
3,10,20.0,0.9,200,161,1,10,28
3,10,20.0,0.95,200,161,1,10,28
3,10,20.0,0.99,200,155,1,16,28
3,10,20.0,0.999,200,144,0,28,28
3,10,40.0,0.9,200,162,4,6,28
3,10,40.0,0.95,200,162,4,6,28
3,10,40.0,0.99,200,161,1,10,28
3,10,40.0,0.999,200,160,1,11,28
3,10,80.0,0.9,200,162,4,5,29
3,10,80.0,0.95,200,162,4,5,29
3,10,80.0,0.99,200,162,4,6,28
3,10,80.0,0.999,200,161,4,7,28
3,10,160.0,0.9,200,162,6,3,29
3,10,160.0,0.95,200,162,6,3,29
3,10,160.0,0.99,200,162,4,5,29
3,10,160.0,0.999,200,162,4,6,28
3,11,10.0,0.9,200,155,1,16,28
3,11,10.0,0.95,200,153,0,19,28
3,11,10.0,0.99,200,138,0,34,28
3,11,10.0,0.999,200,112,0,60,28
3,11,20.0,0.9,200,162,1,9,28
3,11,20.0,0.95,200,161,1,10,28
3,11,20.0,0.99,200,157,1,14,28
3,11,20.0,0.999,200,149,0,23,28
3,11,40.0,0.9,200,162,4,6,28
3,11,40.0,0.95,200,162,4,6,28
3,11,40.0,0.99,200,161,2,9,28
3,11,40.0,0.999,200,161,1,10,28
3,11,80.0,0.9,200,162,5,5,28
3,11,80.0,0.95,200,162,5,5,28
3,11,80.0,0.99,200,162,4,6,28
3,11,80.0,0.999,200,162,3,7,28
3,11,160.0,0.9,200,162,7,3,28
3,11,160.0,0.95,200,162,7,3,28
3,11,160.0,0.99,200,162,5,5,28
3,11,160.0,0.999,200,162,4,6,28
3,12,10.0,0.9,200,157,1,14,28
3,12,10.0,0.95,200,155,0,17,28
3,12,10.0,0.99,200,143,0,29,28
3,12,10.0,0.999,200,120,0,52,28
3,12,20.0,0.9,200,162,2,8,28
3,12,20.0,0.95,200,161,1,10,28
3,12,20.0,0.99,200,158,1,13,28
3,12,20.0,0.999,200,153,0,19,28
3,12,40.0,0.9,200,162,4,6,28
3,12,40.0,0.95,200,162,4,6,28
3,12,40.0,0.99,200,162,2,8,28
3,12,40.0,0.999,200,161,1,10,28
3,12,80.0,0.9,200,162,5,4,29
3,12,80.0,0.95,200,162,4,5,29
3,12,80.0,0.99,200,162,4,6,28
3,12,80.0,0.999,200,162,4,6,28
3,12,160.0,0.9,200,162,7,1,30
3,12,160.0,0.95,200,162,7,2,29
3,12,160.0,0.99,200,162,5,4,29
3,12,160.0,0.999,200,162,4,5,29
4,1,10.0,0.9,200,11,0,161,28
4,1,10.0,0.95,200,10,0,162,28
4,1,10.0,0.99,200,10,0,162,28
4,1,10.0,0.999,200,10,0,162,28
4,1,20.0,0.9,200,23,0,149,28
4,1,20.0,0.95,200,14,0,158,28
4,1,20.0,0.99,200,12,0,160,28
4,1,20.0,0.999,200,10,0,162,28
4,1,40.0,0.9,200,81,0,91,28
4,1,40.0,0.95,200,63,0,109,28
4,1,40.0,0.99,200,32,0,140,28
4,1,40.0,0.999,200,14,0,158,28
4,1,80.0,0.9,200,125,0,47,28
4,1,80.0,0.95,200,117,0,55,28
4,1,80.0,0.99,200,91,0,81,28
4,1,80.0,0.999,200,64,0,108,28
4,1,160.0,0.9,200,146,0,26,28
4,1,160.0,0.95,200,143,0,29,28
4,1,160.0,0.99,200,128,0,44,28
4,1,160.0,0.999,200,117,0,55,28
4,2,10.0,0.9,200,23,0,147,30
4,2,10.0,0.95,200,12,0,158,30
4,2,10.0,0.99,200,9,0,161,30
4,2,10.0,0.999,200,8,0,162,30
4,2,20.0,0.9,200,91,0,79,30
4,2,20.0,0.95,200,68,0,102,30
4,2,20.0,0.99,200,35,0,135,30
4,2,20.0,0.999,200,12,0,158,30
4,2,40.0,0.9,200,134,0,36,30
4,2,40.0,0.95,200,121,0,49,30
4,2,40.0,0.99,200,104,0,66,30
4,2,40.0,0.999,200,67,0,103,30
4,2,80.0,0.9,200,149,0,21,30
4,2,80.0,0.95,200,147,0,23,30
4,2,80.0,0.99,200,139,0,31,30
4,2,80.0,0.999,200,121,0,49,30
4,2,160.0,0.9,200,154,2,14,30
4,2,160.0,0.95,200,154,1,15,30
4,2,160.0,0.99,200,150,0,20,30
4,2,160.0,0.999,200,145,0,25,30
4,3,10.0,0.9,200,64,0,108,28
4,3,10.0,0.95,200,42,0,130,28
4,3,10.0,0.99,200,16,0,156,28
4,3,10.0,0.999,200,11,0,161,28
4,3,20.0,0.9,200,128,0,44,28
4,3,20.0,0.95,200,111,0,61,28
4,3,20.0,0.99,200,79,0,93,28
4,3,20.0,0.999,200,40,0,132,28
4,3,40.0,0.9,200,153,0,19,28
4,3,40.0,0.95,200,144,0,28,28
4,3,40.0,0.99,200,132,0,40,28
4,3,40.0,0.999,200,110,0,62,28
4,3,80.0,0.9,200,159,1,12,28
4,3,80.0,0.95,200,157,0,15,28
4,3,80.0,0.99,200,154,0,18,28
4,3,80.0,0.999,200,144,0,28,28
4,3,160.0,0.9,200,160,2,9,29
4,3,160.0,0.95,200,160,2,10,28
4,3,160.0,0.99,200,159,1,12,28
4,3,160.0,0.999,200,156,0,16,28
4,4,10.0,0.9,200,95,0,77,28
4,4,10.0,0.95,200,71,0,101,28
4,4,10.0,0.99,200,37,0,135,28
4,4,10.0,0.999,200,15,0,157,28
4,4,20.0,0.9,200,141,0,31,28
4,4,20.0,0.95,200,131,0,41,28
4,4,20.0,0.99,200,105,0,67,28
4,4,20.0,0.999,200,71,0,101,28
4,4,40.0,0.9,200,155,1,16,28
4,4,40.0,0.95,200,153,0,19,28
4,4,40.0,0.99,200,146,0,26,28
4,4,40.0,0.999,200,131,0,41,28
4,4,80.0,0.9,200,160,1,10,29
4,4,80.0,0.95,200,160,1,11,28
4,4,80.0,0.99,200,158,1,13,28
4,4,80.0,0.999,200,152,0,20,28
4,4,160.0,0.9,200,161,2,8,29
4,4,160.0,0.95,200,160,1,10,29
4,4,160.0,0.99,200,160,1,10,29
4,4,160.0,0.999,200,159,1,12,28
4,5,10.0,0.9,200,119,0,53,28
4,5,10.0,0.95,200,96,0,76,28
4,5,10.0,0.99,200,59,0,113,28
4,5,10.0,0.999,200,30,0,142,28
4,5,20.0,0.9,200,148,0,24,28
4,5,20.0,0.95,200,144,0,28,28
4,5,20.0,0.99,200,127,0,45,28
4,5,20.0,0.999,200,95,0,77,28
4,5,40.0,0.9,200,159,1,12,28
4,5,40.0,0.95,200,157,1,14,28
4,5,40.0,0.99,200,151,0,21,28
4,5,40.0,0.999,200,144,0,28,28
4,5,80.0,0.9,200,161,3,8,28
4,5,80.0,0.95,200,161,3,8,28
4,5,80.0,0.99,200,159,1,12,28
4,5,80.0,0.999,200,156,1,15,28
4,5,160.0,0.9,200,161,4,7,28
4,5,160.0,0.95,200,161,4,7,28
4,5,160.0,0.99,200,161,3,8,28
4,5,160.0,0.999,200,161,3,8,28
4,6,10.0,0.9,200,129,0,42,29
4,6,10.0,0.95,200,116,0,55,29
4,6,10.0,0.99,200,81,0,90,29
4,6,10.0,0.999,200,45,0,126,29
4,6,20.0,0.9,200,154,1,16,29
4,6,20.0,0.95,200,148,0,23,29
4,6,20.0,0.99,200,135,0,36,29
4,6,20.0,0.999,200,114,0,57,29
4,6,40.0,0.9,200,160,1,10,29
4,6,40.0,0.95,200,159,1,11,29
4,6,40.0,0.99,200,156,1,14,29
4,6,40.0,0.999,200,145,0,26,29
4,6,80.0,0.9,200,160,3,8,29
4,6,80.0,0.95,200,160,3,8,29
4,6,80.0,0.99,200,160,1,10,29
4,6,80.0,0.999,200,158,1,12,29
4,6,160.0,0.9,200,160,4,6,30
4,6,160.0,0.95,200,160,4,6,30
4,6,160.0,0.99,200,160,3,8,29
4,6,160.0,0.999,200,160,2,9,29
4,7,10.0,0.9,200,142,0,30,28
4,7,10.0,0.95,200,127,0,45,28
4,7,10.0,0.99,200,96,0,76,28
4,7,10.0,0.999,200,62,0,110,28
4,7,20.0,0.9,200,157,1,14,28
4,7,20.0,0.95,200,152,0,20,28
4,7,20.0,0.99,200,145,0,27,28
4,7,20.0,0.999,200,127,0,45,28
4,7,40.0,0.9,200,161,1,10,28
4,7,40.0,0.95,200,161,1,10,28
4,7,40.0,0.99,200,157,1,14,28
4,7,40.0,0.999,200,150,0,22,28
4,7,80.0,0.9,200,161,3,8,28
4,7,80.0,0.95,200,161,2,9,28
4,7,80.0,0.99,200,161,2,9,28
4,7,80.0,0.999,200,161,1,10,28
4,7,160.0,0.9,200,161,6,5,28
4,7,160.0,0.95,200,161,5,6,28
4,7,160.0,0.99,200,161,3,8,28
4,7,160.0,0.999,200,161,2,9,28
4,8,10.0,0.9,200,147,0,24,29
4,8,10.0,0.95,200,133,0,38,29
4,8,10.0,0.99,200,108,0,63,29
4,8,10.0,0.999,200,73,0,98,29
4,8,20.0,0.9,200,157,1,13,29
4,8,20.0,0.95,200,156,0,15,29
4,8,20.0,0.99,200,148,0,23,29
4,8,20.0,0.999,200,132,0,39,29
4,8,40.0,0.9,200,160,2,9,29
4,8,40.0,0.95,200,160,1,10,29
4,8,40.0,0.99,200,157,1,13,29
4,8,40.0,0.999,200,155,0,16,29
4,8,80.0,0.9,200,161,5,5,29
4,8,80.0,0.95,200,161,2,8,29
4,8,80.0,0.99,200,160,2,9,29
4,8,80.0,0.999,200,160,1,10,29
4,8,160.0,0.9,200,161,8,2,29
4,8,160.0,0.95,200,161,6,4,29
4,8,160.0,0.99,200,161,6,4,29
4,8,160.0,0.999,200,160,2,9,29
4,9,10.0,0.9,200,149,0,23,28
4,9,10.0,0.95,200,143,0,29,28
4,9,10.0,0.99,200,123,0,49,28
4,9,10.0,0.999,200,87,0,85,28
4,9,20.0,0.9,200,159,1,12,28
4,9,20.0,0.95,200,158,1,13,28
4,9,20.0,0.99,200,152,0,20,28
4,9,20.0,0.999,200,142,0,30,28
4,9,40.0,0.9,200,162,1,9,28
4,9,40.0,0.95,200,161,1,10,28
4,9,40.0,0.99,200,159,1,12,28
4,9,40.0,0.999,200,156,1,15,28
4,9,80.0,0.9,200,162,5,5,28
4,9,80.0,0.95,200,162,4,6,28
4,9,80.0,0.99,200,162,1,9,28
4,9,80.0,0.999,200,161,1,10,28
4,9,160.0,0.9,200,162,8,2,28
4,9,160.0,0.95,200,162,7,3,28
4,9,160.0,0.99,200,162,5,5,28
4,9,160.0,0.999,200,162,3,7,28
4,10,10.0,0.9,200,154,0,18,28
4,10,10.0,0.95,200,145,0,27,28
4,10,10.0,0.99,200,127,0,45,28
4,10,10.0,0.999,200,101,0,71,28
4,10,20.0,0.9,200,160,1,11,28
4,10,20.0,0.95,200,159,1,12,28
4,10,20.0,0.99,200,154,0,18,28
4,10,20.0,0.999,200,144,0,28,28
4,10,40.0,0.9,200,161,3,8,28
4,10,40.0,0.95,200,161,2,9,28
4,10,40.0,0.99,200,160,1,11,28
4,10,40.0,0.999,200,158,1,13,28
4,10,80.0,0.9,200,162,5,5,28
4,10,80.0,0.95,200,162,5,5,28
4,10,80.0,0.99,200,161,3,8,28
4,10,80.0,0.999,200,160,2,10,28
4,10,160.0,0.9,200,162,6,3,29
4,10,160.0,0.95,200,162,6,4,28
4,10,160.0,0.99,200,162,5,5,28
4,10,160.0,0.999,200,162,4,6,28
4,11,10.0,0.9,200,154,0,18,28
4,11,10.0,0.95,200,152,0,20,28
4,11,10.0,0.99,200,133,0,39,28
4,11,10.0,0.999,200,107,0,65,28
4,11,20.0,0.9,200,160,1,11,28
4,11,20.0,0.95,200,159,1,12,28
4,11,20.0,0.99,200,155,1,16,28
4,11,20.0,0.999,200,149,0,23,28
4,11,40.0,0.9,200,162,4,6,28
4,11,40.0,0.95,200,161,3,8,28
4,11,40.0,0.99,200,160,1,11,28
4,11,40.0,0.999,200,159,1,12,28
4,11,80.0,0.9,200,162,6,4,28
4,11,80.0,0.95,200,162,4,6,28
4,11,80.0,0.99,200,161,4,7,28
4,11,80.0,0.999,200,161,2,9,28
4,11,160.0,0.9,200,162,7,3,28
4,11,160.0,0.95,200,162,7,3,28
4,11,160.0,0.99,200,162,6,4,28
4,11,160.0,0.999,200,162,4,6,28
4,12,10.0,0.9,200,154,1,17,28
4,12,10.0,0.95,200,154,0,18,28
4,12,10.0,0.99,200,140,0,32,28
4,12,10.0,0.999,200,115,0,57,28
4,12,20.0,0.9,200,161,1,10,28
4,12,20.0,0.95,200,160,1,11,28
4,12,20.0,0.99,200,156,1,15,28
4,12,20.0,0.999,200,153,0,19,28
4,12,40.0,0.9,200,162,4,6,28
4,12,40.0,0.95,200,161,4,7,28
4,12,40.0,0.99,200,161,1,10,28
4,12,40.0,0.999,200,159,1,12,28
4,12,80.0,0.9,200,162,6,3,29
4,12,80.0,0.95,200,162,4,6,28
4,12,80.0,0.99,200,162,4,6,28
4,12,80.0,0.999,200,161,2,9,28
4,12,160.0,0.9,200,162,7,1,30
4,12,160.0,0.95,200,162,7,1,30
4,12,160.0,0.99,200,162,6,3,29
4,12,160.0,0.999,200,162,4,6,28
6,1,10.0,0.9,200,11,0,161,28
6,1,10.0,0.95,200,10,0,162,28
6,1,10.0,0.99,200,10,0,162,28
6,1,10.0,0.999,200,10,0,162,28
6,1,20.0,0.9,200,17,0,155,28
6,1,20.0,0.95,200,12,0,160,28
6,1,20.0,0.99,200,11,0,161,28
6,1,20.0,0.999,200,10,0,162,28
6,1,40.0,0.9,200,75,0,97,28
6,1,40.0,0.95,200,55,0,117,28
6,1,40.0,0.99,200,28,0,144,28
6,1,40.0,0.999,200,14,0,158,28
6,1,80.0,0.9,200,123,0,49,28
6,1,80.0,0.95,200,113,0,59,28
6,1,80.0,0.99,200,90,0,82,28
6,1,80.0,0.999,200,62,0,110,28
6,1,160.0,0.9,200,145,0,27,28
6,1,160.0,0.95,200,141,0,31,28
6,1,160.0,0.99,200,128,0,44,28
6,1,160.0,0.999,200,116,0,56,28
6,2,10.0,0.9,200,17,0,153,30
6,2,10.0,0.95,200,10,0,160,30
6,2,10.0,0.99,200,9,0,161,30
6,2,10.0,0.999,200,8,0,162,30
6,2,20.0,0.9,200,81,0,89,30
6,2,20.0,0.95,200,61,0,109,30
6,2,20.0,0.99,200,31,0,139,30
6,2,20.0,0.999,200,12,0,158,30
6,2,40.0,0.9,200,127,0,43,30
6,2,40.0,0.95,200,117,0,53,30
6,2,40.0,0.99,200,98,0,72,30
6,2,40.0,0.999,200,65,0,105,30
6,2,80.0,0.9,200,149,0,21,30
6,2,80.0,0.95,200,145,0,25,30
6,2,80.0,0.99,200,139,0,31,30
6,2,80.0,0.999,200,120,0,50,30
6,2,160.0,0.9,200,155,2,13,30
6,2,160.0,0.95,200,153,1,16,30
6,2,160.0,0.99,200,150,0,20,30
6,2,160.0,0.999,200,145,0,25,30
6,3,10.0,0.9,200,50,0,122,28
6,3,10.0,0.95,200,36,0,136,28
6,3,10.0,0.99,200,15,0,157,28
6,3,10.0,0.999,200,11,0,161,28
6,3,20.0,0.9,200,117,0,55,28
6,3,20.0,0.95,200,108,0,64,28
6,3,20.0,0.99,200,75,0,97,28
6,3,20.0,0.999,200,39,0,133,28
6,3,40.0,0.9,200,150,0,22,28
6,3,40.0,0.95,200,143,0,29,28
6,3,40.0,0.99,200,131,0,41,28
6,3,40.0,0.999,200,110,0,62,28
6,3,80.0,0.9,200,158,1,13,28
6,3,80.0,0.95,200,156,0,16,28
6,3,80.0,0.99,200,154,0,18,28
6,3,80.0,0.999,200,144,0,28,28
6,3,160.0,0.9,200,161,3,7,29
6,3,160.0,0.95,200,161,3,7,29
6,3,160.0,0.99,200,159,1,12,28
6,3,160.0,0.999,200,155,0,17,28
6,4,10.0,0.9,200,87,0,85,28
6,4,10.0,0.95,200,65,0,107,28
6,4,10.0,0.99,200,34,0,138,28
6,4,10.0,0.999,200,14,0,158,28
6,4,20.0,0.9,200,135,0,37,28
6,4,20.0,0.95,200,128,0,44,28
6,4,20.0,0.99,200,101,0,71,28
6,4,20.0,0.999,200,67,0,105,28
6,4,40.0,0.9,200,154,0,18,28
6,4,40.0,0.95,200,152,0,20,28
6,4,40.0,0.99,200,144,0,28,28
6,4,40.0,0.999,200,130,0,42,28
6,4,80.0,0.9,200,161,1,10,28
6,4,80.0,0.95,200,161,1,10,28
6,4,80.0,0.99,200,156,1,15,28
6,4,80.0,0.999,200,152,0,20,28
6,4,160.0,0.9,200,163,1,7,29
6,4,160.0,0.95,200,162,1,8,29
6,4,160.0,0.99,200,161,1,10,28
6,4,160.0,0.999,200,160,1,11,28
6,5,10.0,0.9,200,107,0,65,28
6,5,10.0,0.95,200,88,0,84,28
6,5,10.0,0.99,200,57,0,115,28
6,5,10.0,0.999,200,26,0,146,28
6,5,20.0,0.9,200,148,0,24,28
6,5,20.0,0.95,200,140,0,32,28
6,5,20.0,0.99,200,124,0,48,28
6,5,20.0,0.999,200,90,0,82,28
6,5,40.0,0.9,200,159,1,12,28
6,5,40.0,0.95,200,156,1,15,28
6,5,40.0,0.99,200,150,0,22,28
6,5,40.0,0.999,200,143,0,29,28
6,5,80.0,0.9,200,162,1,9,28
6,5,80.0,0.95,200,162,1,9,28
6,5,80.0,0.99,200,159,1,12,28
6,5,80.0,0.999,200,156,1,15,28
6,5,160.0,0.9,200,163,3,6,28
6,5,160.0,0.95,200,163,2,7,28
6,5,160.0,0.99,200,163,1,8,28
6,5,160.0,0.999,200,162,1,9,28
6,6,10.0,0.9,200,123,0,48,29
6,6,10.0,0.95,200,106,0,65,29
6,6,10.0,0.99,200,74,0,97,29
6,6,10.0,0.999,200,41,0,130,29
6,6,20.0,0.9,200,151,0,20,29
6,6,20.0,0.95,200,146,0,25,29
6,6,20.0,0.99,200,134,0,37,29
6,6,20.0,0.999,200,109,0,62,29
6,6,40.0,0.9,200,160,1,10,29
6,6,40.0,0.95,200,158,1,12,29
6,6,40.0,0.99,200,155,0,16,29
6,6,40.0,0.999,200,145,0,26,29
6,6,80.0,0.9,200,162,2,7,29
6,6,80.0,0.95,200,162,1,8,29
6,6,80.0,0.99,200,161,1,9,29
6,6,80.0,0.999,200,157,1,13,29
6,6,160.0,0.9,200,162,4,5,29
6,6,160.0,0.95,200,162,2,7,29
6,6,160.0,0.99,200,162,2,7,29
6,6,160.0,0.999,200,162,1,8,29
6,7,10.0,0.9,200,135,0,37,28
6,7,10.0,0.95,200,119,0,53,28
6,7,10.0,0.99,200,90,0,82,28
6,7,10.0,0.999,200,58,0,114,28
6,7,20.0,0.9,200,154,0,18,28
6,7,20.0,0.95,200,150,0,22,28
6,7,20.0,0.99,200,145,0,27,28
6,7,20.0,0.999,200,124,0,48,28
6,7,40.0,0.9,200,162,1,9,28
6,7,40.0,0.95,200,161,1,10,28
6,7,40.0,0.99,200,156,0,16,28
6,7,40.0,0.999,200,150,0,22,28
6,7,80.0,0.9,200,163,2,7,28
6,7,80.0,0.95,200,163,1,8,28
6,7,80.0,0.99,200,162,1,9,28
6,7,80.0,0.999,200,161,1,10,28
6,7,160.0,0.9,200,163,5,4,28
6,7,160.0,0.95,200,163,3,6,28
6,7,160.0,0.99,200,163,3,6,28
6,7,160.0,0.999,200,163,1,8,28
6,8,10.0,0.9,200,138,0,33,29
6,8,10.0,0.95,200,130,0,41,29
6,8,10.0,0.99,200,100,0,71,29
6,8,10.0,0.999,200,70,0,101,29
6,8,20.0,0.9,200,156,0,15,29
6,8,20.0,0.95,200,153,0,18,29
6,8,20.0,0.99,200,147,0,24,29
6,8,20.0,0.999,200,132,0,39,29
6,8,40.0,0.9,200,161,1,9,29
6,8,40.0,0.95,200,161,1,9,29
6,8,40.0,0.99,200,156,0,15,29
6,8,40.0,0.999,200,153,0,18,29
6,8,80.0,0.9,200,163,2,6,29
6,8,80.0,0.95,200,162,2,7,29
6,8,80.0,0.99,200,162,1,8,29
6,8,80.0,0.999,200,161,1,9,29
6,8,160.0,0.9,200,163,5,3,29
6,8,160.0,0.95,200,163,4,4,29
6,8,160.0,0.99,200,163,3,5,29
6,8,160.0,0.999,200,162,2,7,29
6,9,10.0,0.9,200,148,0,24,28
6,9,10.0,0.95,200,137,0,35,28
6,9,10.0,0.99,200,111,0,61,28
6,9,10.0,0.999,200,86,0,86,28
6,9,20.0,0.9,200,158,0,14,28
6,9,20.0,0.95,200,155,0,17,28
6,9,20.0,0.99,200,152,0,20,28
6,9,20.0,0.999,200,140,0,32,28
6,9,40.0,0.9,200,163,1,8,28
6,9,40.0,0.95,200,162,1,9,28
6,9,40.0,0.99,200,158,0,14,28
6,9,40.0,0.999,200,155,0,17,28
6,9,80.0,0.9,200,164,3,5,28
6,9,80.0,0.95,200,164,2,6,28
6,9,80.0,0.99,200,163,1,8,28
6,9,80.0,0.999,200,162,1,9,28
6,9,160.0,0.9,200,164,5,3,28
6,9,160.0,0.95,200,164,4,4,28
6,9,160.0,0.99,200,164,3,5,28
6,9,160.0,0.999,200,164,2,6,28
6,10,10.0,0.9,200,153,0,19,28
6,10,10.0,0.95,200,143,0,29,28
6,10,10.0,0.99,200,123,0,49,28
6,10,10.0,0.999,200,95,0,77,28
6,10,20.0,0.9,200,159,0,13,28
6,10,20.0,0.95,200,157,0,15,28
6,10,20.0,0.99,200,154,0,18,28
6,10,20.0,0.999,200,143,0,29,28
6,10,40.0,0.9,200,163,1,8,28
6,10,40.0,0.95,200,162,1,9,28
6,10,40.0,0.99,200,161,0,11,28
6,10,40.0,0.999,200,156,0,16,28
6,10,80.0,0.9,200,164,4,4,28
6,10,80.0,0.95,200,164,4,4,28
6,10,80.0,0.99,200,163,2,7,28
6,10,80.0,0.999,200,161,1,10,28
6,10,160.0,0.9,200,164,5,3,28
6,10,160.0,0.95,200,164,4,4,28
6,10,160.0,0.99,200,164,4,4,28
6,10,160.0,0.999,200,163,3,6,28
6,11,10.0,0.9,200,154,0,18,28
6,11,10.0,0.95,200,149,0,23,28
6,11,10.0,0.99,200,130,0,42,28
6,11,10.0,0.999,200,102,0,70,28
6,11,20.0,0.9,200,160,1,11,28
6,11,20.0,0.95,200,157,0,15,28
6,11,20.0,0.99,200,154,0,18,28
6,11,20.0,0.999,200,149,0,23,28
6,11,40.0,0.9,200,163,2,7,28
6,11,40.0,0.95,200,163,1,8,28
6,11,40.0,0.99,200,160,1,11,28
6,11,40.0,0.999,200,157,0,15,28
6,11,80.0,0.9,200,164,5,3,28
6,11,80.0,0.95,200,164,3,5,28
6,11,80.0,0.99,200,163,2,7,28
6,11,80.0,0.999,200,163,1,8,28
6,11,160.0,0.9,200,164,6,2,28
6,11,160.0,0.95,200,164,6,2,28
6,11,160.0,0.99,200,164,4,4,28
6,11,160.0,0.999,200,164,3,5,28
6,12,10.0,0.9,200,154,0,18,28
6,12,10.0,0.95,200,152,0,20,28
6,12,10.0,0.99,200,138,0,34,28
6,12,10.0,0.999,200,110,0,62,28
6,12,20.0,0.9,200,162,0,10,28
6,12,20.0,0.95,200,158,0,14,28
6,12,20.0,0.99,200,155,0,17,28
6,12,20.0,0.999,200,152,0,20,28
6,12,40.0,0.9,200,164,3,5,28
6,12,40.0,0.95,200,162,1,9,28
6,12,40.0,0.99,200,162,0,10,28
6,12,40.0,0.999,200,158,0,14,28
6,12,80.0,0.9,200,164,5,3,28
6,12,80.0,0.95,200,164,4,4,28
6,12,80.0,0.99,200,164,3,5,28
6,12,80.0,0.999,200,162,1,9,28
6,12,160.0,0.9,200,164,6,0,30
6,12,160.0,0.95,200,164,5,2,29
6,12,160.0,0.99,200,164,5,3,28
6,12,160.0,0.999,200,164,4,4,28
8,1,10.0,0.9,200,10,0,162,28
8,1,10.0,0.95,200,10,0,162,28
8,1,10.0,0.99,200,10,0,162,28
8,1,10.0,0.999,200,10,0,162,28
8,1,20.0,0.9,200,16,0,156,28
8,1,20.0,0.95,200,12,0,160,28
8,1,20.0,0.99,200,11,0,161,28
8,1,20.0,0.999,200,10,0,162,28
8,1,40.0,0.9,200,69,0,103,28
8,1,40.0,0.95,200,51,0,121,28
8,1,40.0,0.99,200,27,0,145,28
8,1,40.0,0.999,200,13,0,159,28
8,1,80.0,0.9,200,120,0,52,28
8,1,80.0,0.95,200,111,0,61,28
8,1,80.0,0.99,200,89,0,83,28
8,1,80.0,0.999,200,61,0,111,28
8,1,160.0,0.9,200,144,0,28,28
8,1,160.0,0.95,200,141,0,31,28
8,1,160.0,0.99,200,128,0,44,28
8,1,160.0,0.999,200,115,0,57,28
8,2,10.0,0.9,200,16,0,154,30
8,2,10.0,0.95,200,10,0,160,30
8,2,10.0,0.99,200,9,0,161,30
8,2,10.0,0.999,200,8,0,162,30
8,2,20.0,0.9,200,78,0,92,30
8,2,20.0,0.95,200,54,0,116,30
8,2,20.0,0.99,200,29,0,141,30
8,2,20.0,0.999,200,12,0,158,30
8,2,40.0,0.9,200,123,0,47,30
8,2,40.0,0.95,200,114,0,56,30
8,2,40.0,0.99,200,96,0,74,30
8,2,40.0,0.999,200,63,0,107,30
8,2,80.0,0.9,200,148,0,22,30
8,2,80.0,0.95,200,145,0,25,30
8,2,80.0,0.99,200,138,0,32,30
8,2,80.0,0.999,200,119,0,51,30
8,2,160.0,0.9,200,155,1,14,30
8,2,160.0,0.95,200,152,1,17,30
8,2,160.0,0.99,200,150,0,20,30
8,2,160.0,0.999,200,145,0,25,30
8,3,10.0,0.9,200,49,0,123,28
8,3,10.0,0.95,200,31,0,141,28
8,3,10.0,0.99,200,14,0,158,28
8,3,10.0,0.999,200,11,0,161,28
8,3,20.0,0.9,200,113,0,59,28
8,3,20.0,0.95,200,101,0,71,28
8,3,20.0,0.99,200,70,0,102,28
8,3,20.0,0.999,200,37,0,135,28
8,3,40.0,0.9,200,146,0,26,28
8,3,40.0,0.95,200,142,0,30,28
8,3,40.0,0.99,200,129,0,43,28
8,3,40.0,0.999,200,108,0,64,28
8,3,80.0,0.9,200,157,0,15,28
8,3,80.0,0.95,200,155,0,17,28
8,3,80.0,0.99,200,154,0,18,28
8,3,80.0,0.999,200,143,0,29,28
8,3,160.0,0.9,200,161,3,7,29
8,3,160.0,0.95,200,161,2,9,28
8,3,160.0,0.99,200,159,0,13,28
8,3,160.0,0.999,200,155,0,17,28
8,4,10.0,0.9,200,82,0,90,28
8,4,10.0,0.95,200,60,0,112,28
8,4,10.0,0.99,200,32,0,140,28
8,4,10.0,0.999,200,14,0,158,28
8,4,20.0,0.9,200,133,0,39,28
8,4,20.0,0.95,200,124,0,48,28
8,4,20.0,0.99,200,99,0,73,28
8,4,20.0,0.999,200,67,0,105,28
8,4,40.0,0.9,200,154,0,18,28
8,4,40.0,0.95,200,151,0,21,28
8,4,40.0,0.99,200,142,0,30,28
8,4,40.0,0.999,200,129,0,43,28
8,4,80.0,0.9,200,161,1,10,28
8,4,80.0,0.95,200,160,1,11,28
8,4,80.0,0.99,200,154,0,18,28
8,4,80.0,0.999,200,151,0,21,28
8,4,160.0,0.9,200,163,1,7,29
8,4,160.0,0.95,200,162,1,8,29
8,4,160.0,0.99,200,161,1,10,28
8,4,160.0,0.999,200,160,1,11,28
8,5,10.0,0.9,200,102,0,70,28
8,5,10.0,0.95,200,86,0,86,28
8,5,10.0,0.99,200,54,0,118,28
8,5,10.0,0.999,200,24,0,148,28
8,5,20.0,0.9,200,145,0,27,28
8,5,20.0,0.95,200,137,0,35,28
8,5,20.0,0.99,200,121,0,51,28
8,5,20.0,0.999,200,89,0,83,28
8,5,40.0,0.9,200,158,1,13,28
8,5,40.0,0.95,200,156,0,16,28
8,5,40.0,0.99,200,149,0,23,28
8,5,40.0,0.999,200,141,0,31,28
8,5,80.0,0.9,200,162,1,9,28
8,5,80.0,0.95,200,162,1,9,28
8,5,80.0,0.99,200,159,1,12,28
8,5,80.0,0.999,200,156,0,16,28
8,5,160.0,0.9,200,163,5,4,28
8,5,160.0,0.95,200,163,3,6,28
8,5,160.0,0.99,200,163,1,8,28
8,5,160.0,0.999,200,162,1,9,28
8,6,10.0,0.9,200,117,0,54,29
8,6,10.0,0.95,200,101,0,70,29
8,6,10.0,0.99,200,70,0,101,29
8,6,10.0,0.999,200,39,0,132,29
8,6,20.0,0.9,200,149,0,22,29
8,6,20.0,0.95,200,145,0,26,29
8,6,20.0,0.99,200,133,0,38,29
8,6,20.0,0.999,200,105,0,66,29
8,6,40.0,0.9,200,160,1,10,29
8,6,40.0,0.95,200,158,0,13,29
8,6,40.0,0.99,200,154,0,17,29
8,6,40.0,0.999,200,145,0,26,29
8,6,80.0,0.9,200,162,2,7,29
8,6,80.0,0.95,200,162,1,8,29
8,6,80.0,0.99,200,161,1,9,29
8,6,80.0,0.999,200,157,0,14,29
8,6,160.0,0.9,200,162,5,4,29
8,6,160.0,0.95,200,162,3,6,29
8,6,160.0,0.99,200,162,2,7,29
8,6,160.0,0.999,200,162,1,8,29
8,7,10.0,0.9,200,133,0,39,28
8,7,10.0,0.95,200,116,0,56,28
8,7,10.0,0.99,200,90,0,82,28
8,7,10.0,0.999,200,55,0,117,28
8,7,20.0,0.9,200,152,0,20,28
8,7,20.0,0.95,200,150,0,22,28
8,7,20.0,0.99,200,141,0,31,28
8,7,20.0,0.999,200,121,0,51,28
8,7,40.0,0.9,200,161,0,11,28
8,7,40.0,0.95,200,160,0,12,28
8,7,40.0,0.99,200,156,0,16,28
8,7,40.0,0.999,200,150,0,22,28
8,7,80.0,0.9,200,163,2,7,28
8,7,80.0,0.95,200,163,1,8,28
8,7,80.0,0.99,200,162,0,10,28
8,7,80.0,0.999,200,161,0,11,28
8,7,160.0,0.9,200,163,4,5,28
8,7,160.0,0.95,200,163,2,7,28
8,7,160.0,0.99,200,163,2,7,28
8,7,160.0,0.999,200,163,1,8,28
8,8,10.0,0.9,200,135,0,36,29
8,8,10.0,0.95,200,125,0,46,29
8,8,10.0,0.99,200,100,0,71,29
8,8,10.0,0.999,200,69,0,102,29
8,8,20.0,0.9,200,155,0,16,29
8,8,20.0,0.95,200,153,0,18,29
8,8,20.0,0.99,200,146,0,25,29
8,8,20.0,0.999,200,130,0,41,29
8,8,40.0,0.9,200,161,0,10,29
8,8,40.0,0.95,200,160,0,11,29
8,8,40.0,0.99,200,156,0,15,29
8,8,40.0,0.999,200,153,0,18,29
8,8,80.0,0.9,200,163,4,4,29
8,8,80.0,0.95,200,162,2,7,29
8,8,80.0,0.99,200,162,0,9,29
8,8,80.0,0.999,200,160,0,11,29
8,8,160.0,0.9,200,163,5,3,29
8,8,160.0,0.95,200,163,5,3,29
8,8,160.0,0.99,200,163,4,4,29
8,8,160.0,0.999,200,162,1,8,29
8,9,10.0,0.9,200,144,0,28,28
8,9,10.0,0.95,200,135,0,37,28
8,9,10.0,0.99,200,111,0,61,28
8,9,10.0,0.999,200,82,0,90,28
8,9,20.0,0.9,200,158,0,14,28
8,9,20.0,0.95,200,155,0,17,28
8,9,20.0,0.99,200,150,0,22,28
8,9,20.0,0.999,200,138,0,34,28
8,9,40.0,0.9,200,163,0,9,28
8,9,40.0,0.95,200,162,0,10,28
8,9,40.0,0.99,200,158,0,14,28
8,9,40.0,0.999,200,155,0,17,28
8,9,80.0,0.9,200,164,2,6,28
8,9,80.0,0.95,200,164,1,7,28
8,9,80.0,0.99,200,163,0,9,28
8,9,80.0,0.999,200,162,0,10,28
8,9,160.0,0.9,200,164,6,2,28
8,9,160.0,0.95,200,164,4,4,28
8,9,160.0,0.99,200,164,2,6,28
8,9,160.0,0.999,200,164,1,7,28
8,10,10.0,0.9,200,149,0,23,28
8,10,10.0,0.95,200,139,0,33,28
8,10,10.0,0.99,200,121,0,51,28
8,10,10.0,0.999,200,92,0,80,28
8,10,20.0,0.9,200,158,0,14,28
8,10,20.0,0.95,200,157,0,15,28
8,10,20.0,0.99,200,154,0,18,28
8,10,20.0,0.999,200,142,0,30,28
8,10,40.0,0.9,200,163,0,9,28
8,10,40.0,0.95,200,162,0,10,28
8,10,40.0,0.99,200,160,0,12,28
8,10,40.0,0.999,200,156,0,16,28
8,10,80.0,0.9,200,164,2,6,28
8,10,80.0,0.95,200,164,2,6,28
8,10,80.0,0.99,200,163,1,8,28
8,10,80.0,0.999,200,161,0,11,28
8,10,160.0,0.9,200,164,2,6,28
8,10,160.0,0.95,200,164,2,6,28
8,10,160.0,0.99,200,164,2,6,28
8,10,160.0,0.999,200,163,1,8,28
8,11,10.0,0.9,200,153,0,19,28
8,11,10.0,0.95,200,145,0,27,28
8,11,10.0,0.99,200,128,0,44,28
8,11,10.0,0.999,200,101,0,71,28
8,11,20.0,0.9,200,158,0,14,28
8,11,20.0,0.95,200,157,0,15,28
8,11,20.0,0.99,200,154,0,18,28
8,11,20.0,0.999,200,148,0,24,28
8,11,40.0,0.9,200,163,1,8,28
8,11,40.0,0.95,200,163,0,9,28
8,11,40.0,0.99,200,160,0,12,28
8,11,40.0,0.999,200,157,0,15,28
8,11,80.0,0.9,200,164,3,5,28
8,11,80.0,0.95,200,164,1,7,28
8,11,80.0,0.99,200,163,1,8,28
8,11,80.0,0.999,200,163,0,9,28
8,11,160.0,0.9,200,164,4,4,28
8,11,160.0,0.95,200,164,4,4,28
8,11,160.0,0.99,200,164,2,6,28
8,11,160.0,0.999,200,164,1,7,28
8,12,10.0,0.9,200,154,0,18,28
8,12,10.0,0.95,200,151,0,21,28
8,12,10.0,0.99,200,136,0,36,28
8,12,10.0,0.999,200,108,0,64,28
8,12,20.0,0.9,200,161,0,11,28
8,12,20.0,0.95,200,158,0,14,28
8,12,20.0,0.99,200,155,0,17,28
8,12,20.0,0.999,200,152,0,20,28
8,12,40.0,0.9,200,164,1,7,28
8,12,40.0,0.95,200,162,0,10,28
8,12,40.0,0.99,200,162,0,10,28
8,12,40.0,0.999,200,158,0,14,28
8,12,80.0,0.9,200,164,3,5,28
8,12,80.0,0.95,200,164,2,6,28
8,12,80.0,0.99,200,164,1,7,28
8,12,80.0,0.999,200,162,0,10,28
8,12,160.0,0.9,200,164,5,2,29
8,12,160.0,0.95,200,164,3,5,28
8,12,160.0,0.99,200,164,3,5,28
8,12,160.0,0.999,200,164,2,6,28
