time_s,err_norm_m,sigma3_m,gnss_active,pose_active
0.000,0.000000,0.519615,0,0
0.500,0.025730,0.073694,0,1
1.000,0.013204,0.066481,1,1
1.500,0.025650,0.065263,0,1
2.000,0.009030,0.061352,1,1
2.500,0.008327,0.057944,0,1
3.000,0.018041,0.054602,1,1
3.500,0.018588,0.052545,0,1
4.000,0.011716,0.050559,1,1
4.500,0.012202,0.049295,0,1
5.000,0.020693,0.047858,1,1
5.500,0.012292,0.046849,0,1
6.000,0.022371,0.045529,1,1
6.500,0.027726,0.044424,0,1
7.000,0.015798,0.043030,1,1
7.500,0.019520,0.041913,0,1
8.000,0.016698,0.040747,1,1
8.500,0.018512,0.039998,0,1
9.000,0.011494,0.039293,1,1
9.500,0.014725,0.038869,0,1
10.000,0.014843,0.038251,1,1
10.500,0.012669,0.037649,0,1
11.000,0.001720,0.036784,1,1
11.500,0.004889,0.036095,0,1
12.000,0.007089,0.035500,1,1
12.500,0.012162,0.035254,0,1
13.000,0.012840,0.034956,1,1
13.500,0.006955,0.034649,0,1
14.000,0.013285,0.034050,1,1
14.500,0.008314,0.033447,0,1
15.000,0.011766,0.032819,1,1
15.500,0.008875,0.032593,0,1
16.000,0.007376,0.032822,1,1
16.500,0.008450,0.033735,0,1
17.000,0.012170,0.034853,1,1
17.500,0.013680,0.035960,0,1
18.000,0.021866,0.036536,1,1
18.500,0.025678,0.036861,0,1
19.000,0.014135,0.036771,1,1
19.500,0.018486,0.036668,0,1
20.000,0.018745,0.036309,1,1
20.500,0.026922,0.035990,0,1
21.000,0.018565,0.035458,1,1
21.500,0.015977,0.035000,0,1
22.000,0.020898,0.034403,1,1
22.500,0.022582,0.033926,0,1
23.000,0.013931,0.033376,1,1
23.500,0.008807,0.032973,0,1
24.000,0.010791,0.032535,1,1
24.500,0.009288,0.032252,0,1
25.000,0.008985,0.033798,0,0
25.500,0.013370,0.043962,0,0
26.000,0.019039,0.056573,0,0
26.500,0.025591,0.071640,0,0
27.000,0.032725,0.089166,0,0
27.500,0.040027,0.109159,0,0
28.000,0.047725,0.131630,0,0
28.500,0.056600,0.156595,0,0
29.000,0.066652,0.184065,0,0
29.500,0.077698,0.214056,0,0
30.000,0.089540,0.246585,0,0
30.500,0.102715,0.281674,0,0
31.000,0.116754,0.319356,0,0
31.500,0.131688,0.359683,0,0
32.000,0.147755,0.402727,0,0
32.500,0.165414,0.448585,0,0
33.000,0.184741,0.497384,0,0
33.500,0.206055,0.549279,0,0
34.000,0.229730,0.604443,0,0
34.500,0.256053,0.663055,0,0
35.000,0.015292,0.097907,1,1
35.500,0.005543,0.045010,0,1
36.000,0.014192,0.038984,1,1
36.500,0.008399,0.038181,0,1
37.000,0.008968,0.037206,1,1
37.500,0.007571,0.036035,0,1
38.000,0.003432,0.034754,1,1
38.500,0.007283,0.033795,0,1
39.000,0.010745,0.032995,1,1
39.500,0.002776,0.032540,0,1
40.000,0.004652,0.032211,1,1
40.500,0.010330,0.032119,0,1
41.000,0.008067,0.032023,1,1
41.500,0.009027,0.032021,0,1
42.000,0.004251,0.031906,1,1
42.500,0.005487,0.031831,0,1
43.000,0.005414,0.031643,1,1
43.500,0.006017,0.031518,0,1
44.000,0.005408,0.031319,1,1
44.500,0.010563,0.031213,0,1
45.000,0.005630,0.031062,1,1
45.500,0.006090,0.031025,0,1
46.000,0.012014,0.030959,1,1
46.500,0.014172,0.031011,0,1
47.000,0.015285,0.031028,1,1
47.500,0.019560,0.031150,0,1
48.000,0.015195,0.031212,1,1
48.500,0.007083,0.031356,0,1
49.000,0.008151,0.031420,1,1
49.500,0.005247,0.031555,0,1
50.000,0.009258,0.031601,1,1
50.500,0.006336,0.031709,0,1
51.000,0.007713,0.031706,1,1
51.500,0.005538,0.031744,0,1
52.000,0.006347,0.031659,1,1
52.500,0.006811,0.031621,0,1
53.000,0.011116,0.031484,1,1
53.500,0.008068,0.031420,0,1
54.000,0.008146,0.031288,1,1
54.500,0.004273,0.031252,0,1
55.000,0.006453,0.031162,1,1
55.500,0.009761,0.031167,0,1
56.000,0.013117,0.031107,1,1
56.500,0.008794,0.031124,0,1
57.000,0.013314,0.031063,1,1
57.500,0.011083,0.031072,0,1
58.000,0.007473,0.031001,1,1
58.500,0.006693,0.030997,0,1
59.000,0.009364,0.030915,1,1
59.500,0.011044,0.030906,0,1
60.000,0.010920,0.030833,1,1
