map_m,idx,stratum,true_x,true_y,true_yaw,clutter_frac,method,rec_x,rec_y,rec_yaw,score,used_beams,score_frac,pos_err_m,yaw_err_deg,time_ms,success,accepted,rec_free
20,0,in,18.0429,7.1221,-1.6756,0.1491,old,18.1000,7.1000,-1.6716,148.4952,180,0.8250,0.0613,0.2297,14.476,1,1,1
20,0,in,18.0429,7.1221,-1.6756,0.1491,new,18.0500,7.1500,-1.6716,153.0721,180,0.8504,0.0287,0.2297,10.436,1,1,1
20,1,in,1.5004,10.1096,-2.4426,0.4278,old,1.5000,10.1000,-2.4416,101.4991,180,0.5639,0.0096,0.0589,25.223,1,1,1
20,1,in,1.5004,10.1096,-2.4426,0.4278,new,1.4500,10.1500,-2.4416,98.6382,180,0.5480,0.0646,0.0589,27.149,1,1,1
20,2,in,17.0724,2.5241,1.2891,0.6644,old,17.1000,2.5000,1.2684,67.7066,180,0.3761,0.0367,1.1854,125.083,1,0,1
20,2,in,17.0724,2.5241,1.2891,0.6644,new,17.0500,2.5500,1.3034,66.4675,180,0.3693,0.0342,0.8199,129.531,1,0,1
20,3,in,11.2653,11.8045,-2.1371,0.4796,old,11.3000,11.8000,-2.1441,102.2282,180,0.5679,0.0350,0.3989,32.662,1,1,1
20,3,in,11.2653,11.8045,-2.1371,0.4796,new,11.2500,11.8500,-2.1266,102.1984,180,0.5678,0.0480,0.6037,35.243,1,1,1
20,4,in,4.1362,11.8538,3.0548,0.3635,old,4.1000,11.9000,3.0534,107.7322,180,0.5985,0.0587,0.0786,68.025,1,1,1
20,4,in,4.1362,11.8538,3.0548,0.3635,new,4.1500,11.8500,3.0534,110.4961,180,0.6139,0.0143,0.0786,72.346,1,1,1
20,5,in,13.9987,6.0134,-1.7086,0.0636,old,14.0000,6.0000,-1.7066,163.6149,180,0.9090,0.0135,0.1178,8.506,1,1,1
20,5,in,13.9987,6.0134,-1.7086,0.0636,new,13.9500,6.0500,-1.7241,158.9424,180,0.8830,0.0609,0.8849,11.876,1,1,1
20,6,in,5.5715,9.8602,2.2981,0.1074,old,5.6000,9.8000,2.3009,164.0788,180,0.9115,0.0666,0.1632,7.847,1,1,1
20,6,in,5.5715,9.8602,2.2981,0.1074,new,5.5500,9.8500,2.3009,167.0877,180,0.9283,0.0238,0.1632,6.661,1,1,1
20,7,in,3.1729,16.5299,-2.8715,0.4113,old,3.2000,16.5000,-2.8616,107.5253,180,0.5974,0.0403,0.5649,27.204,1,1,1
20,7,in,3.1729,16.5299,-2.8715,0.4113,new,3.1500,16.5500,-2.8791,108.3732,180,0.6021,0.0305,0.4377,28.441,1,1,1
20,8,in,17.8464,14.3377,-3.1179,0.3848,old,17.9000,14.4000,-3.1241,101.6817,180,0.5649,0.0822,0.3561,24.108,1,1,1
20,8,in,17.8464,14.3377,-3.1179,0.3848,new,17.8500,14.3500,-3.1241,103.8104,180,0.5767,0.0128,0.3561,22.896,1,1,1
20,9,in,8.4631,5.6125,-1.4867,0.7288,old,8.5000,5.6000,-1.4791,59.8165,180,0.3323,0.0390,0.4354,82.333,1,0,1
20,9,in,8.4631,5.6125,-1.4867,0.7288,new,8.4500,5.5500,-1.4791,59.3311,180,0.3296,0.0639,0.4354,83.865,1,0,1
20,10,in,6.1248,13.6365,0.4128,0.6604,old,6.1000,13.6000,0.4284,59.3753,180,0.3299,0.0441,0.8955,91.978,1,0,1
20,10,in,6.1248,13.6365,0.4128,0.6604,new,6.1500,13.6500,0.4109,60.7707,180,0.3376,0.0286,0.1072,105.669,1,0,1
20,11,in,6.0472,16.6154,2.7247,0.0993,old,6.0000,16.6000,2.7209,161.3308,180,0.8963,0.0496,0.2162,22.469,1,1,1
20,11,in,6.0472,16.6154,2.7247,0.0993,new,6.0500,16.6500,2.7209,158.7487,180,0.8819,0.0348,0.2162,24.178,1,1,1
20,12,in,11.1796,7.3556,-0.3079,0.4636,old,11.2000,7.4000,-0.3066,103.6489,180,0.5758,0.0488,0.0731,28.306,1,1,1
20,12,in,11.1796,7.3556,-0.3079,0.4636,new,11.1500,7.3500,-0.3066,105.5503,180,0.5864,0.0301,0.0731,22.784,1,1,1
20,13,in,17.9555,5.5201,1.3359,0.2271,old,18.0000,5.5000,1.3384,136.6917,180,0.7594,0.0488,0.1440,15.718,1,1,1
20,13,in,17.9555,5.5201,1.3359,0.2271,new,17.9500,5.5500,1.3384,136.4522,180,0.7581,0.0304,0.1440,14.809,1,1,1
20,14,in,9.4879,12.5302,-0.1382,0.7739,old,9.5000,12.5000,-0.1491,46.9109,180,0.2606,0.0325,0.6240,99.427,1,0,1
20,14,in,9.4879,12.5302,-0.1382,0.7739,new,9.4500,12.5500,-0.1491,46.6118,180,0.2590,0.0427,0.6240,97.114,1,0,1
20,15,in,1.6079,17.5813,0.2528,0.5170,old,1.6000,17.6000,0.2534,93.7601,180,0.5209,0.0203,0.0330,45.382,1,1,1
20,15,in,1.6079,17.5813,0.2528,0.5170,new,1.5500,17.5500,0.2534,90.7644,180,0.5042,0.0659,0.0330,54.324,1,1,1
20,16,in,11.6306,4.4869,-2.6086,0.5013,old,11.6000,4.5000,-2.6166,94.5550,180,0.5253,0.0333,0.4590,27.706,1,1,1
20,16,in,11.6306,4.4869,-2.6086,0.5013,new,11.6500,4.4500,-2.5991,92.7285,180,0.5152,0.0416,0.5437,27.398,1,1,1
20,17,in,3.0851,1.5878,-0.0912,0.7506,old,3.1000,1.6000,-0.0966,52.5469,180,0.2919,0.0193,0.3063,132.577,1,0,1
20,17,in,3.0851,1.5878,-0.0912,0.7506,new,3.0500,1.5500,-0.0966,51.8236,180,0.2879,0.0516,0.3063,134.693,1,0,1
20,18,in,15.7582,4.9198,0.2160,0.4422,old,15.8000,4.9000,0.2184,96.9645,180,0.5387,0.0463,0.1381,46.227,1,1,1
20,18,in,15.7582,4.9198,0.2160,0.4422,new,15.7500,4.9500,0.2184,97.4036,180,0.5411,0.0313,0.1381,42.941,1,1,1
20,19,in,16.3557,0.4534,0.3085,0.4089,old,16.4000,0.4000,0.3059,108.0090,180,0.6000,0.0694,0.1506,51.629,1,1,1
20,19,in,16.3557,0.4534,0.3085,0.4089,new,16.3500,0.4500,0.3059,108.3482,180,0.6019,0.0067,0.1506,58.365,1,1,1
20,20,in,3.2808,18.3878,-2.7394,0.2837,old,3.3000,18.4000,-2.7391,127.5450,180,0.7086,0.0227,0.0181,44.529,1,1,1
20,20,in,3.2808,18.3878,-2.7394,0.2837,new,3.2500,18.3500,-2.7391,123.3350,180,0.6852,0.0488,0.0181,46.445,1,1,1
20,21,in,3.8968,13.5630,-2.1591,0.6547,old,3.9000,13.6000,-2.1616,60.7649,180,0.3376,0.0371,0.1431,77.416,1,0,1
20,21,in,3.8968,13.5630,-2.1591,0.6547,new,3.8500,13.5500,-2.1616,60.9657,180,0.3387,0.0486,0.1431,77.913,1,0,1
20,22,in,10.6639,14.4788,-1.4794,0.5748,old,10.7000,14.5000,-1.4791,89.6932,180,0.4983,0.0419,0.0188,36.956,1,1,1
20,22,in,10.6639,14.4788,-1.4794,0.5748,new,10.6500,14.5500,-1.4791,88.5144,180,0.4917,0.0725,0.0188,37.787,1,1,1
20,23,in,12.2647,4.4228,3.1177,0.1911,old,12.3000,4.4000,3.1234,143.7991,180,0.7989,0.0420,0.3259,16.167,1,1,1
20,23,in,12.2647,4.4228,3.1177,0.1911,new,12.2500,4.3500,3.1059,142.2669,180,0.7904,0.0743,0.6767,17.618,1,1,1
20,24,in,3.1594,4.8397,1.5255,0.0390,old,3.2000,4.8000,1.5309,165.3986,180,0.9189,0.0568,0.3092,7.805,1,1,1
20,24,in,3.1594,4.8397,1.5255,0.0390,new,3.1500,4.8500,1.5309,168.9638,180,0.9387,0.0140,0.3092,6.630,1,1,1
20,25,in,6.4447,8.6085,0.4238,0.4193,old,6.5000,8.6000,0.4284,97.7647,180,0.5431,0.0559,0.2661,33.907,1,1,1
20,25,in,6.4447,8.6085,0.4238,0.4193,new,6.5500,8.6500,0.4109,99.3952,180,0.5522,0.1132,0.7366,30.006,1,1,1
20,26,in,10.0355,12.9748,1.2481,0.5481,old,10.0000,13.0000,1.2509,84.3562,180,0.4686,0.0435,0.1614,32.141,1,1,1
20,26,in,10.0355,12.9748,1.2481,0.5481,new,10.0500,12.9500,1.2509,83.5818,180,0.4643,0.0287,0.1614,32.355,1,1,1
20,27,in,15.6477,14.4058,-2.2402,0.3202,old,15.7000,14.4000,-2.2491,123.7544,180,0.6875,0.0526,0.5101,24.038,1,1,1
20,27,in,15.6477,14.4058,-2.2402,0.3202,new,15.6500,14.4500,-2.2316,125.8249,180,0.6990,0.0443,0.4926,23.393,1,1,1
20,28,in,1.1063,11.0627,2.8992,0.1632,old,1.1000,11.1000,2.8959,148.9059,180,0.8273,0.0378,0.1908,9.153,1,1,1
20,28,in,1.1063,11.0627,2.8992,0.1632,new,1.0500,11.0500,2.8959,147.8221,180,0.8212,0.0577,0.1908,8.904,1,1,1
20,29,in,13.3788,13.4410,-2.4425,0.4612,old,13.4000,13.5000,-2.4416,96.1146,180,0.5340,0.0627,0.0535,27.172,1,1,1
20,29,in,13.3788,13.4410,-2.4425,0.4612,new,13.3500,13.4500,-2.4416,97.0270,180,0.5390,0.0302,0.0535,27.180,1,1,1
20,30,in,15.0577,16.1777,0.4009,0.4418,old,15.0000,16.1000,0.3934,99.2343,180,0.5513,0.0968,0.4288,43.299,1,1,1
20,30,in,15.0577,16.1777,0.4009,0.4418,new,15.0500,16.1500,0.3934,101.9485,180,0.5664,0.0288,0.4288,35.786,1,1,1
20,31,in,14.0874,12.2062,2.7644,0.3109,old,14.1000,12.2000,2.7559,127.5760,180,0.7088,0.0140,0.4855,23.354,1,1,1
20,31,in,14.0874,12.2062,2.7644,0.3109,new,14.0500,12.1500,2.7559,124.1812,180,0.6899,0.0675,0.4855,26.955,1,1,1
20,32,in,10.8047,19.3854,-1.6537,0.1098,old,10.8000,19.4000,-1.6541,160.0812,180,0.8893,0.0153,0.0216,25.993,1,1,1
20,32,in,10.8047,19.3854,-1.6537,0.1098,new,10.7500,19.3500,-1.6541,152.4026,180,0.8467,0.0651,0.0216,30.551,1,1,1
20,33,in,13.9861,19.5337,-1.3518,0.2895,old,14.0000,19.5000,-1.3566,119.2358,180,0.6624,0.0364,0.2725,38.470,1,1,1
20,33,in,13.9861,19.5337,-1.3518,0.2895,new,13.9500,19.5500,-1.3391,122.1365,180,0.6785,0.0396,0.7302,40.347,1,1,1
20,34,in,12.9893,12.2289,0.5007,0.6183,old,13.0000,12.2000,0.4984,70.5999,180,0.3922,0.0308,0.1302,44.120,1,0,1
20,34,in,12.9893,12.2289,0.5007,0.6183,new,12.9500,12.2500,0.4984,70.6782,180,0.3927,0.0446,0.1302,43.871,1,0,1
20,35,in,14.8363,12.6605,1.7808,0.4962,old,14.8000,12.7000,1.7934,99.0045,180,0.5500,0.0536,0.7241,46.170,1,1,1
20,35,in,14.8363,12.6605,1.7808,0.4962,new,14.8500,12.6500,1.7759,99.6677,180,0.5537,0.0173,0.2786,43.377,1,1,1
20,36,in,4.3115,12.2807,2.1665,0.7098,old,4.3000,12.3000,2.1609,61.5659,180,0.3420,0.0225,0.3212,70.279,1,0,1
20,36,in,4.3115,12.2807,2.1665,0.7098,new,4.3500,12.2500,2.1609,60.0585,180,0.3337,0.0492,0.3212,76.090,1,0,1
20,37,in,7.8465,15.2826,-2.5272,0.1409,old,7.9000,15.3000,-2.5291,152.3816,180,0.8466,0.0562,0.1059,10.234,1,1,1
20,37,in,7.8465,15.2826,-2.5272,0.1409,new,7.8500,15.2500,-2.5291,153.1170,180,0.8506,0.0328,0.1059,9.459,1,1,1
20,38,in,3.1703,13.4699,-1.8245,0.4088,old,3.2000,13.5000,-1.8291,115.4925,180,0.6416,0.0423,0.2659,22.956,1,1,1
20,38,in,3.1703,13.4699,-1.8245,0.4088,new,3.1500,13.4500,-1.8291,116.3359,180,0.6463,0.0284,0.2659,22.571,1,1,1
20,39,in,14.1610,5.2243,-2.9783,0.7623,old,14.2000,5.2000,-2.9666,46.2765,180,0.2571,0.0460,0.6699,116.437,1,0,1
20,39,in,14.1610,5.2243,-2.9783,0.7623,new,14.1500,5.2500,-2.9841,46.0288,180,0.2557,0.0280,0.3328,117.800,1,0,1
20,40,in,18.1730,13.0755,-1.1175,0.6550,old,18.2000,13.1000,-1.1116,78.6236,180,0.4368,0.0364,0.3370,35.094,1,1,1
20,40,in,18.1730,13.0755,-1.1175,0.6550,new,18.1500,13.0500,-1.1116,76.7884,180,0.4266,0.0344,0.3370,39.107,1,1,1
20,41,in,17.0823,5.5305,3.0871,0.0077,old,17.1000,5.5000,3.0884,174.5208,180,0.9696,0.0352,0.0777,8.542,1,1,1
20,41,in,17.0823,5.5305,3.0871,0.0077,new,17.0500,5.5500,3.0884,168.9844,180,0.9388,0.0378,0.0777,12.733,1,1,1
20,42,in,16.3248,17.9980,-1.0651,0.3763,old,16.3000,18.0000,-1.0591,97.8267,180,0.5435,0.0248,0.3431,83.107,1,1,1
20,42,in,16.3248,17.9980,-1.0651,0.3763,new,16.3500,17.9500,-1.0766,97.6979,180,0.5428,0.0542,0.6596,85.282,1,1,1
20,43,in,3.1869,5.4168,-1.3349,0.4459,old,3.2000,5.4000,-1.3216,83.4688,180,0.4637,0.0213,0.7614,52.264,1,1,1
20,43,in,3.1869,5.4168,-1.3349,0.4459,new,3.1500,5.4500,-1.3391,83.0174,180,0.4612,0.0497,0.2413,54.316,1,1,1
20,44,in,11.6615,18.4490,0.3886,0.0983,old,11.7000,18.5000,0.3934,157.4828,180,0.8749,0.0639,0.2764,14.785,1,1,1
20,44,in,11.6615,18.4490,0.3886,0.0983,new,11.6500,18.4500,0.3934,162.8171,180,0.9045,0.0116,0.2764,11.267,1,1,1
20,45,in,3.5032,16.8651,2.2714,0.1075,old,3.5000,16.9000,2.2659,154.2353,180,0.8569,0.0351,0.3133,18.834,1,1,1
20,45,in,3.5032,16.8651,2.2714,0.1075,new,3.4500,16.8500,2.2659,155.8484,180,0.8658,0.0553,0.3133,18.703,1,1,1
20,46,in,7.2468,13.0821,-0.2005,0.2453,old,7.2000,13.1000,-0.2016,123.0494,180,0.6836,0.0501,0.0621,17.154,1,1,1
20,46,in,7.2468,13.0821,-0.2005,0.2453,new,7.2500,13.0500,-0.2016,122.8238,180,0.6824,0.0322,0.0621,17.845,1,1,1
20,47,in,1.2817,5.8661,2.5980,0.3189,old,1.3000,5.9000,2.5984,120.6662,180,0.6704,0.0385,0.0211,20.173,1,1,1
20,47,in,1.2817,5.8661,2.5980,0.3189,new,1.2500,5.8500,2.5984,123.5129,180,0.6862,0.0355,0.0211,19.021,1,1,1
20,48,in,6.8502,10.7505,-1.3568,0.2768,old,6.9000,10.7000,-1.3391,120.3379,180,0.6685,0.0710,1.0168,29.212,1,1,1
20,48,in,6.8502,10.7505,-1.3568,0.2768,new,6.8500,10.7500,-1.3566,124.9087,180,0.6939,0.0006,0.0141,26.605,1,1,1
20,49,in,3.8105,10.2990,-2.1200,0.3985,old,3.8000,10.3000,-2.1266,106.6621,180,0.5926,0.0106,0.3763,32.044,1,1,1
20,49,in,3.8105,10.2990,-2.1200,0.3985,new,3.8500,10.2500,-2.1091,105.0167,180,0.5834,0.0630,0.6264,37.131,1,1,1
20,50,in,11.7781,1.1510,1.2923,0.3959,old,11.8000,1.2000,1.3034,110.4892,180,0.6138,0.0537,0.6362,42.518,1,1,1
20,50,in,11.7781,1.1510,1.2923,0.3959,new,11.7500,1.1500,1.2859,110.9990,180,0.6167,0.0281,0.3665,60.439,1,1,1
20,51,in,8.4338,14.6867,-0.5581,0.1305,old,8.4000,14.7000,-0.5516,155.0929,180,0.8616,0.0363,0.3746,18.599,1,1,1
20,51,in,8.4338,14.6867,-0.5581,0.1305,new,8.4500,14.6500,-0.5516,152.1553,180,0.8453,0.0401,0.3746,21.161,1,1,1
20,52,in,16.8406,1.5957,1.5821,0.3797,old,16.9000,1.6000,1.5834,113.5833,180,0.6310,0.0596,0.0778,51.365,1,1,1
20,52,in,16.8406,1.5957,1.5821,0.3797,new,16.8500,1.6500,1.5659,112.2320,180,0.6235,0.0551,0.9249,54.467,1,1,1
20,53,in,17.7875,2.2214,-1.8618,0.5266,old,17.8000,2.2000,-1.8641,88.9299,180,0.4941,0.0248,0.1307,51.764,1,1,1
20,53,in,17.7875,2.2214,-1.8618,0.5266,new,17.7500,2.2500,-1.8466,85.8975,180,0.4772,0.0471,0.8720,57.925,1,1,1
20,54,in,7.9092,7.1418,0.1111,0.4429,old,7.9000,7.1000,0.1134,96.7901,180,0.5377,0.0428,0.1318,29.393,1,1,1
20,54,in,7.9092,7.1418,0.1111,0.4429,new,7.9500,7.1500,0.1134,98.0230,180,0.5446,0.0416,0.1318,24.640,1,1,1
20,55,in,18.4582,15.0145,-1.0744,0.3025,old,18.5000,15.0000,-1.0766,134.6985,180,0.7483,0.0442,0.1261,19.923,1,1,1
20,55,in,18.4582,15.0145,-1.0744,0.3025,new,18.4500,15.0500,-1.0766,134.4743,180,0.7471,0.0364,0.1261,20.221,1,1,1
20,56,in,8.4013,12.5223,-1.6525,0.3888,old,8.4000,12.5000,-1.6541,114.4485,180,0.6358,0.0223,0.0896,19.572,1,1,1
20,56,in,8.4013,12.5223,-1.6525,0.3888,new,8.4500,12.5500,-1.6541,111.7754,180,0.6210,0.0561,0.0896,21.261,1,1,1
20,57,in,14.0586,9.9061,-0.3318,0.1775,old,14.1000,9.9000,-0.3241,138.0689,180,0.7670,0.0418,0.4409,11.672,1,1,1
20,57,in,14.0586,9.9061,-0.3318,0.1775,new,14.0500,9.8500,-0.3416,139.1150,180,0.7729,0.0568,0.5618,13.549,1,1,1
20,58,in,6.4092,16.9185,2.9128,0.6747,old,6.4000,16.9000,2.9134,69.5621,180,0.3865,0.0207,0.0353,91.082,1,0,1
20,58,in,6.4092,16.9185,2.9128,0.6747,new,6.4500,16.8500,2.9134,67.9634,180,0.3776,0.0798,0.0353,91.758,1,0,1
20,59,in,3.8032,15.8918,-0.8802,0.2415,old,3.8000,15.9000,-0.8841,138.3390,180,0.7685,0.0088,0.2219,21.152,1,1,1
20,59,in,3.8032,15.8918,-0.8802,0.2415,new,3.7500,15.8500,-0.8841,136.0295,180,0.7557,0.0677,0.2219,22.966,1,1,1
40,0,out,5.1868,14.5404,0.3681,0.4794,old,34.8000,15.9000,-2.7741,92.4588,177,0.5224,29.6443,179.9669,140.086,0,1,1
40,0,out,5.1868,14.5404,0.3681,0.4794,new,5.1500,14.5500,0.3759,102.7964,177,0.5808,0.0381,0.4486,238.888,1,1,1
40,1,out,38.3581,28.2236,-0.1349,0.7857,old,10.3000,19.7000,1.4784,58.4632,179,0.3266,29.3242,92.4340,438.956,0,0,1
40,1,out,38.3581,28.2236,-0.1349,0.7857,new,10.3500,19.5500,1.4609,58.9194,179,0.3292,29.3204,91.4314,673.594,0,0,1
40,2,in,34.4897,24.4111,2.0217,0.4114,old,34.5000,24.4000,2.0209,117.8905,179,0.6586,0.0151,0.0449,81.769,1,1,1
40,2,in,34.4897,24.4111,2.0217,0.4114,new,34.5500,24.4500,2.0209,114.5141,179,0.6397,0.0717,0.0449,163.608,1,1,1
40,3,in,23.1749,25.9814,2.1892,0.2874,old,23.1000,26.0000,2.1959,129.3939,180,0.7189,0.0772,0.3868,67.837,1,1,1
40,3,in,23.1749,25.9814,2.1892,0.2874,new,23.1500,25.9500,2.1959,127.8693,180,0.7104,0.0401,0.3868,108.327,1,1,1
40,4,out,1.4782,22.6389,0.7142,0.6881,old,16.0000,25.9000,-0.7966,56.7782,180,0.3154,14.8834,86.5603,425.992,0,0,1
40,4,out,1.4782,22.6389,0.7142,0.6881,new,1.4500,22.5500,0.7259,63.4330,180,0.3524,0.0932,0.6725,669.099,1,0,1
40,5,out,17.2398,7.4229,0.4343,0.5068,old,17.3000,25.4000,0.4284,89.7891,180,0.4988,17.9772,0.3403,112.185,0,1,1
40,5,out,17.2398,7.4229,0.4343,0.5068,new,17.2500,7.4500,0.4284,103.6387,180,0.5758,0.0289,0.3403,157.486,1,1,1
40,6,out,24.8914,7.3600,-0.2748,0.4593,old,15.1000,23.1000,2.8609,79.7243,180,0.4429,18.5370,179.6608,156.489,0,1,1
40,6,out,24.8914,7.3600,-0.2748,0.4593,new,24.8500,7.3500,-0.2891,95.3442,180,0.5297,0.0426,0.8209,178.036,1,1,1
40,7,out,26.2543,1.4920,2.2449,0.5773,old,11.0000,19.7000,2.2484,68.6799,180,0.3816,23.7535,0.2025,313.882,0,0,1
40,7,out,26.2543,1.4920,2.2449,0.5773,new,26.2500,1.5500,2.2484,92.9725,180,0.5165,0.0582,0.2025,415.601,1,1,1
40,8,out,2.4670,23.2123,-2.0970,0.1349,old,16.9000,24.7000,2.6334,102.0467,179,0.5701,14.5095,88.9691,120.535,0,1,1
40,8,out,2.4670,23.2123,-2.0970,0.1349,new,2.4500,23.1500,-2.0916,144.6616,179,0.8082,0.0646,0.3083,137.109,1,1,1
40,9,out,0.9309,10.3694,2.5074,0.3238,old,10.3000,20.5000,0.9884,95.2924,180,0.5294,13.7988,87.0304,131.680,0,1,1
40,9,out,0.9309,10.3694,2.5074,0.3238,new,0.9500,10.3500,2.5109,123.5252,180,0.6863,0.0272,0.2024,215.001,1,1,1
40,10,out,33.6698,38.8765,-3.1343,0.3906,old,33.7000,20.4000,3.1416,98.5414,178,0.5536,18.4765,0.4178,136.262,0,1,1
40,10,out,33.6698,38.8765,-3.1343,0.3906,new,33.6500,38.8500,-3.1241,110.1554,178,0.6189,0.0330,0.5848,231.682,1,1,1
40,11,out,5.3338,1.1358,0.8735,0.7079,old,16.7000,23.3000,-2.2491,60.9498,178,0.3424,24.9087,178.9097,347.276,0,0,1
40,11,out,5.3338,1.1358,0.8735,0.7079,new,5.4500,1.1500,0.8659,74.7953,178,0.4202,0.1171,0.4333,581.859,1,1,1
40,12,out,9.6000,24.5756,-1.4993,0.6354,old,17.1000,23.9000,1.6534,76.0984,179,0.4251,7.5304,179.3658,171.827,0,1,1
40,12,out,9.6000,24.5756,-1.4993,0.6354,new,9.6500,24.5500,-1.4966,82.8223,179,0.4627,0.0562,0.1525,272.565,1,1,1
40,13,out,4.8623,31.4553,-1.6485,0.0695,old,35.1000,17.0000,1.4784,124.4488,178,0.6992,33.5153,179.1599,78.635,0,1,1
40,13,out,4.8623,31.4553,-1.6485,0.0695,new,4.8500,31.4500,-1.6541,162.5868,178,0.9134,0.0134,0.3191,70.914,1,1,1
40,14,in,26.1436,24.6296,0.3414,0.1850,old,26.1000,24.6000,0.3409,140.2467,180,0.7791,0.0527,0.0275,54.877,1,1,1
40,14,in,26.1436,24.6296,0.3414,0.1850,new,26.1500,24.6500,0.3409,142.3592,180,0.7909,0.0213,0.0275,74.972,1,1,1
40,15,in,29.1541,34.0861,-2.8625,0.6411,old,20.3000,27.6000,-2.8616,69.0534,180,0.3836,10.9757,0.0532,234.008,0,0,1
40,15,in,29.1541,34.0861,-2.8625,0.6411,new,11.2500,20.8500,0.2709,69.4071,180,0.3856,22.2655,179.5323,427.765,0,0,1
40,16,out,36.7967,19.9419,1.2986,0.3246,old,25.0000,16.5000,-1.8291,102.8519,177,0.5811,12.2886,179.2009,143.306,0,1,1
40,16,out,36.7967,19.9419,1.2986,0.3246,new,36.7500,19.9500,1.3034,127.5515,177,0.7206,0.0474,0.2782,205.513,1,1,1
40,17,out,9.7221,1.3885,0.9449,0.5369,old,13.2000,34.7000,0.9184,68.1180,179,0.3805,33.4926,1.5161,296.811,0,0,1
40,17,out,9.7221,1.3885,0.9449,0.5369,new,9.7500,1.3500,0.9534,98.1182,179,0.5481,0.0475,0.4892,436.120,1,1,1
40,18,out,37.9148,36.3110,-0.2194,0.3683,old,13.4000,18.6000,2.9309,76.5643,178,0.4301,30.2433,179.5012,190.246,0,1,1
40,18,out,37.9148,36.3110,-0.2194,0.3683,new,37.9500,36.3500,-0.2191,107.5059,178,0.6040,0.0525,0.0171,283.674,1,1,1
40,19,out,35.3071,7.6385,0.5711,0.2132,old,35.3000,13.7000,0.5859,119.6739,177,0.6761,6.0615,0.8469,85.446,0,1,1
40,19,out,35.3071,7.6385,0.5711,0.2132,new,35.3500,7.6500,0.5684,139.3714,177,0.7874,0.0444,0.1558,130.023,1,1,1
40,20,in,18.0458,19.6489,-0.0082,0.5912,old,18.0000,19.7000,0.0084,77.0298,180,0.4279,0.0686,0.9508,164.728,1,1,1
40,20,in,18.0458,19.6489,-0.0082,0.5912,new,18.0500,19.6500,-0.0091,79.4141,180,0.4412,0.0044,0.0518,311.710,1,1,1
40,21,out,36.2126,31.7951,1.3363,0.6655,old,14.6000,25.8000,1.3384,76.1398,180,0.4230,22.4287,0.1186,176.473,0,1,1
40,21,out,36.2126,31.7951,1.3363,0.6655,new,14.3500,25.7500,1.3559,72.5972,180,0.4033,22.6830,1.1213,388.411,0,1,1
40,22,in,11.5948,11.2381,-1.7370,0.3071,old,11.6000,11.2000,-1.7241,124.6881,180,0.6927,0.0385,0.7383,73.383,1,1,1
40,22,in,11.5948,11.2381,-1.7370,0.3071,new,11.5500,11.2500,-1.7416,126.2948,180,0.7016,0.0463,0.2644,146.068,1,1,1
40,23,in,12.2741,11.4500,-2.1064,0.6123,old,12.3000,11.4000,-2.0916,80.5885,180,0.4477,0.0563,0.8478,149.831,1,1,1
40,23,in,12.2741,11.4500,-2.1064,0.6123,new,12.2500,11.4500,-2.0916,81.5955,180,0.4533,0.0241,0.8478,291.105,1,1,1
40,24,out,1.2509,10.1462,3.0670,0.2687,old,10.2000,20.2000,1.5484,109.1477,179,0.6098,13.4598,87.0066,102.782,0,1,1
40,24,out,1.2509,10.1462,3.0670,0.2687,new,1.2500,10.1500,3.0709,142.6469,179,0.7969,0.0039,0.2262,140.082,1,1,1
40,25,out,23.2851,9.9218,2.9571,0.4006,old,16.7000,26.6000,-0.1841,115.4097,180,0.6412,17.9311,179.9790,74.060,0,1,1
40,25,out,23.2851,9.9218,2.9571,0.4006,new,16.6500,26.6500,-0.1666,113.1327,180,0.6285,17.9960,178.9763,154.641,0,1,1
40,26,in,13.4479,26.4380,-0.8884,0.7904,old,13.9000,22.0000,2.3359,55.6580,180,0.3092,4.4610,175.2619,312.240,0,0,1
40,26,in,13.4479,26.4380,-0.8884,0.7904,new,13.9500,21.9500,2.3359,54.3181,180,0.3018,4.5160,175.2619,651.518,0,0,1
40,27,in,12.9902,23.1315,2.2546,0.2683,old,13.0000,23.1000,2.2484,126.0524,180,0.7003,0.0330,0.3540,72.234,1,1,1
40,27,in,12.9902,23.1315,2.2546,0.2683,new,12.9500,23.1500,2.2484,126.2050,180,0.7011,0.0442,0.3540,129.014,1,1,1
40,28,out,37.8786,17.3089,0.2504,0.1368,old,13.2000,25.3000,1.8284,95.3760,177,0.5388,25.9402,90.4109,129.166,0,1,1
40,28,out,37.8786,17.3089,0.2504,0.1368,new,37.8500,17.2500,0.2534,138.2004,177,0.7808,0.0655,0.1700,121.917,1,1,1
40,29,out,32.5853,4.9617,-1.5784,0.4757,old,10.7000,19.6000,1.5484,93.1171,179,0.5202,26.3296,179.1545,151.020,0,1,0
40,29,out,32.5853,4.9617,-1.5784,0.4757,new,32.5500,4.9500,-1.5841,103.8021,179,0.5799,0.0372,0.3246,213.796,1,1,1
40,30,in,24.6577,12.4414,2.8923,0.0234,old,24.7000,12.4000,2.8959,164.5615,180,0.9142,0.0592,0.2055,32.413,1,1,1
40,30,in,24.6577,12.4414,2.8923,0.0234,new,24.6500,12.4500,2.8959,168.3216,180,0.9351,0.0115,0.2055,25.518,1,1,1
40,31,in,34.1641,18.2580,2.1151,0.7920,old,14.0000,15.3000,-2.6691,55.6519,179,0.3109,20.3799,85.8875,398.158,0,0,0
40,31,in,34.1641,18.2580,2.1151,0.7920,new,15.0500,24.3500,2.2309,55.0626,179,0.3076,20.0615,6.6368,743.462,0,0,1
40,32,in,34.1477,31.5327,-0.3162,0.6126,old,34.1000,31.6000,-0.3066,76.0101,179,0.4246,0.0825,0.5486,248.263,1,1,1
40,32,in,34.1477,31.5327,-0.3162,0.6126,new,34.1500,31.5500,-0.3066,78.4772,179,0.4384,0.0174,0.5486,418.281,1,1,1
40,33,out,2.8508,7.5294,-1.9335,0.7658,old,13.3000,18.7000,2.7909,53.6857,180,0.2983,15.2960,89.3100,420.401,0,0,1
40,33,out,2.8508,7.5294,-1.9335,0.7658,new,13.2500,18.6500,2.7909,54.4352,180,0.3024,15.2253,89.3100,719.924,0,0,1
40,34,out,22.8888,0.5919,0.9923,0.7379,old,18.3000,21.8000,0.9009,58.1061,180,0.3228,21.6989,5.2386,356.510,0,0,1
40,34,out,22.8888,0.5919,0.9923,0.7379,new,14.8500,2.5500,-2.1616,59.5672,180,0.3309,8.2739,179.2931,750.235,0,0,1
40,35,out,9.0301,21.9372,-0.7487,0.5326,old,17.7000,26.6000,2.3884,84.8406,179,0.4740,9.8442,179.7403,151.236,0,1,1
40,35,out,9.0301,21.9372,-0.7487,0.5326,new,9.0500,21.8500,-0.7441,86.6659,179,0.4842,0.0894,0.2612,323.771,1,1,1
40,36,out,23.4811,6.5689,2.5805,0.1936,old,16.5000,23.9000,-0.5691,121.6543,180,0.6759,18.6843,179.5393,72.282,0,1,1
40,36,out,23.4811,6.5689,2.5805,0.1936,new,23.4500,6.5500,2.5809,140.8161,180,0.7823,0.0364,0.0210,82.504,1,1,1
40,37,out,8.5816,35.3761,-3.0950,0.1265,old,31.4000,19.6000,0.0434,131.4046,178,0.7382,27.7410,179.8156,84.779,0,1,1
40,37,out,8.5816,35.3761,-3.0950,0.1265,new,8.5500,35.3500,-3.1066,148.9756,178,0.8369,0.0409,0.6661,74.804,1,1,1
40,38,in,14.6688,18.4940,-1.8532,0.0225,old,14.7000,18.5000,-1.8466,171.0157,180,0.9501,0.0317,0.3787,34.793,1,1,1
40,38,in,14.6688,18.4940,-1.8532,0.0225,new,14.6500,18.4500,-1.8466,168.3233,180,0.9351,0.0478,0.3787,24.784,1,1,1
40,39,out,33.3868,9.9883,-1.6729,0.0232,old,33.4000,10.0000,-1.6716,167.7199,177,0.9476,0.0176,0.0766,17.793,1,1,1
40,39,out,33.3868,9.9883,-1.6729,0.0232,new,33.3500,9.9500,-1.6891,165.4299,177,0.9346,0.0531,0.9261,54.840,1,1,1
40,40,out,3.3478,33.9403,0.1075,0.2605,old,30.7000,21.0000,-3.0366,115.0085,177,0.6498,30.2588,179.8591,111.817,0,1,0
40,40,out,3.3478,33.9403,0.1075,0.2605,new,3.3500,33.8500,0.1134,136.3998,177,0.7706,0.0903,0.3408,171.526,1,1,1
40,41,in,34.4005,32.2616,0.8133,0.2335,old,34.4000,32.3000,0.8134,134.9777,177,0.7626,0.0384,0.0040,75.272,1,1,1
40,41,in,34.4005,32.2616,0.8133,0.2335,new,34.4500,32.2500,0.8134,133.9250,177,0.7566,0.0508,0.0040,144.525,1,1,1
40,42,in,29.4848,29.1892,2.4812,0.5705,old,15.9000,25.3000,-0.6566,88.9286,180,0.4940,14.1305,179.7802,137.085,0,1,1
40,42,in,29.4848,29.1892,2.4812,0.5705,new,15.8500,25.2500,-0.6566,89.5723,180,0.4976,14.1924,179.7802,256.979,0,1,1
40,43,out,39.0085,21.2229,-0.1779,0.1540,old,34.2000,20.2000,1.3909,99.5576,179,0.5562,4.9161,89.8854,149.495,0,1,1
40,43,out,39.0085,21.2229,-0.1779,0.1540,new,39.0500,21.1500,-0.1841,143.2069,179,0.8000,0.0839,0.3555,162.807,1,1,1
40,44,out,2.4900,25.5791,1.9450,0.7288,old,11.3000,19.5000,1.9859,53.6922,180,0.2983,10.7038,2.3461,441.479,0,0,1
40,44,out,2.4900,25.5791,1.9450,0.7288,new,2.4500,25.6500,1.9509,62.4736,180,0.3471,0.0814,0.3408,735.411,1,0,1
40,45,out,32.0535,4.7941,-2.6562,0.6253,old,13.8000,13.7000,0.4634,68.6542,180,0.3814,20.3102,178.7431,231.445,0,0,1
40,45,out,32.0535,4.7941,-2.6562,0.6253,new,31.9500,4.7500,-2.6691,76.9736,180,0.4276,0.1125,0.7359,423.985,1,1,1
40,46,in,19.2975,30.7895,1.9676,0.2245,old,19.3000,30.8000,1.9684,144.0083,180,0.8000,0.0108,0.0476,44.912,1,1,1
40,46,in,19.2975,30.7895,1.9676,0.2245,new,19.3500,30.8500,1.9684,137.9268,180,0.7663,0.0801,0.0476,81.544,1,1,1
40,47,in,26.4351,30.1683,2.9219,0.1003,old,26.4000,30.2000,2.9309,149.9351,180,0.8330,0.0472,0.5144,49.998,1,1,1
40,47,in,26.4351,30.1683,2.9219,0.1003,new,26.4500,30.1500,2.9309,151.1332,180,0.8396,0.0236,0.5144,54.853,1,1,1
40,48,out,1.1522,22.9523,2.4697,0.4966,old,16.4000,22.9000,2.4934,66.2050,179,0.3699,15.2479,1.3569,380.331,0,0,1
40,48,out,1.1522,22.9523,2.4697,0.4966,new,1.1500,22.9500,2.4759,89.9092,179,0.5023,0.0032,0.3542,640.295,1,1,1
40,49,in,18.0474,12.2903,0.0996,0.0824,old,18.0000,12.3000,0.0959,164.8033,180,0.9156,0.0483,0.2123,29.077,1,1,1
40,49,in,18.0474,12.2903,0.0996,0.0824,new,18.0500,12.2500,0.0959,162.3814,180,0.9021,0.0404,0.2123,67.780,1,1,1
40,50,out,1.4904,15.0575,-1.2359,0.3419,old,34.0000,19.7000,-2.8091,86.8027,178,0.4877,32.8394,90.1351,183.233,0,1,1
40,50,out,1.4904,15.0575,-1.2359,0.3419,new,1.4500,15.0500,-1.2341,114.1662,178,0.6414,0.0411,0.1057,267.436,1,1,1
40,51,out,17.3810,36.7046,1.6503,0.2794,old,14.6000,24.3000,1.6359,119.0318,180,0.6613,12.7126,0.8248,72.035,0,1,1
40,51,out,17.3810,36.7046,1.6503,0.2794,new,17.3500,36.7500,1.6534,127.1243,180,0.7062,0.0549,0.1779,123.238,1,1,1
40,52,out,39.1132,17.1791,2.8238,0.1236,old,32.3000,20.3000,-1.9166,109.6782,178,0.6162,7.4939,88.3980,147.311,0,1,1
40,52,out,39.1132,17.1791,2.8238,0.1236,new,39.1500,17.1500,2.8259,157.1695,178,0.8830,0.0470,0.1232,102.086,1,1,1
40,53,out,14.9052,0.9871,-1.4102,0.6741,old,22.8000,15.5000,-0.1666,60.7926,180,0.3377,16.5212,71.2558,324.314,0,0,1
40,53,out,14.9052,0.9871,-1.4102,0.6741,new,14.9500,0.9500,-1.3916,64.0860,180,0.3560,0.0582,1.0685,666.082,1,0,1
40,54,out,3.8861,13.2809,-0.5642,0.3061,old,15.2000,25.3000,-0.5691,97.4007,179,0.5441,16.5065,0.2779,144.427,0,1,0
40,54,out,3.8861,13.2809,-0.5642,0.3061,new,3.8500,13.3500,-0.5691,130.6420,179,0.7298,0.0780,0.2779,205.236,1,1,1
40,55,out,25.7524,8.9147,0.6981,0.4846,old,23.1000,21.6000,-2.4416,90.3304,180,0.5018,12.9596,179.8899,159.583,0,1,1
40,55,out,25.7524,8.9147,0.6981,0.4846,new,25.7500,8.9500,0.6909,104.6254,180,0.5813,0.0354,0.4108,224.518,1,1,1
40,56,out,26.5485,36.7274,1.6745,0.0016,old,13.5000,18.2000,-1.4616,149.8932,180,0.8327,22.6612,179.6851,37.428,0,1,1
40,56,out,26.5485,36.7274,1.6745,0.0016,new,26.5500,36.7500,1.6709,172.6686,180,0.9593,0.0227,0.2061,30.370,1,1,1
40,57,out,2.1794,31.5896,-0.7514,0.2723,old,10.0000,19.0000,-2.3191,93.5517,179,0.5226,14.8209,89.8199,163.283,0,1,1
40,57,out,2.1794,31.5896,-0.7514,0.2723,new,2.1500,31.5500,-0.7441,139.4352,179,0.7790,0.0493,0.4209,162.660,1,1,1
40,58,in,25.5971,12.2033,2.6660,0.3541,old,25.6000,12.2000,2.6684,122.2713,180,0.6793,0.0044,0.1403,55.400,1,1,1
40,58,in,25.5971,12.2033,2.6660,0.3541,new,25.6500,12.2500,2.6684,117.9861,180,0.6555,0.0706,0.1403,119.956,1,1,1
40,59,out,9.8541,4.4786,1.8000,0.1566,old,10.0000,16.5000,1.8109,121.3428,180,0.6741,12.0223,0.6238,89.788,0,1,1
40,59,out,9.8541,4.4786,1.8000,0.1566,new,9.8500,4.4500,1.8109,155.9463,180,0.8664,0.0289,0.6238,118.859,1,1,1
40,60,out,23.1289,4.4006,-0.0696,0.2872,old,16.9000,26.1000,3.0709,111.2269,180,0.6179,22.5757,179.9406,89.828,0,1,1
40,60,out,23.1289,4.4006,-0.0696,0.2872,new,23.1500,4.3500,-0.0791,123.0749,180,0.6837,0.0548,0.5411,153.857,1,1,1
40,61,out,4.5272,23.2165,-2.1521,0.2202,old,35.5000,19.3000,0.9884,125.4767,179,0.7010,31.2195,179.9378,86.423,0,1,1
40,61,out,4.5272,23.2165,-2.1521,0.2202,new,4.5500,23.1500,-2.1441,140.0159,179,0.7822,0.0703,0.4588,144.000,1,1,1
40,62,in,31.5539,16.7347,2.4891,0.0527,old,31.6000,16.7000,2.4934,157.9918,177,0.8926,0.0577,0.2452,50.623,1,1,1
40,62,in,31.5539,16.7347,2.4891,0.0527,new,31.5500,16.7500,2.4934,157.8034,177,0.8915,0.0158,0.2452,69.146,1,1,1
40,63,in,34.6681,19.5849,0.8997,0.5939,old,34.7000,19.6000,0.9009,77.7192,179,0.4342,0.0353,0.0694,193.675,1,1,1
40,63,in,34.6681,19.5849,0.8997,0.5939,new,34.6500,19.6500,0.9009,75.9140,179,0.4241,0.0676,0.0694,431.494,1,1,1
40,64,in,17.3794,22.8057,0.8709,0.1267,old,17.4000,22.8000,0.8659,155.5773,180,0.8643,0.0214,0.2860,61.297,1,1,1
40,64,in,17.3794,22.8057,0.8709,0.1267,new,17.3500,22.7500,0.8659,151.6667,180,0.8426,0.0630,0.2860,108.410,1,1,1
40,65,in,34.2909,28.1598,2.7744,0.6752,old,34.3000,28.1000,2.7559,79.7301,180,0.4429,0.0605,1.0593,221.924,1,1,1
40,65,in,34.2909,28.1598,2.7744,0.6752,new,34.2500,28.1500,2.7559,79.3636,180,0.4409,0.0420,1.0593,428.602,1,1,1
40,66,out,2.5948,25.1703,0.1561,0.0552,old,17.5000,25.2000,0.1484,109.5815,179,0.6122,14.9053,0.4434,99.065,0,1,1
40,66,out,2.5948,25.1703,0.1561,0.0552,new,2.5500,25.2500,0.1484,164.6883,179,0.9200,0.0914,0.4434,66.166,1,1,1
40,67,out,2.9842,14.5973,-2.2906,0.0329,old,14.3000,26.6000,-2.3016,121.6868,176,0.6914,16.4959,0.6301,82.081,0,1,1
40,67,out,2.9842,14.5973,-2.2906,0.0329,new,2.9500,14.6500,-2.2841,157.4953,176,0.8949,0.0628,0.3726,108.092,1,1,1
40,68,in,16.2468,23.7924,1.2303,0.4501,old,16.2000,23.8000,1.2334,99.9652,180,0.5554,0.0474,0.1764,114.369,1,1,1
40,68,in,16.2468,23.7924,1.2303,0.4501,new,16.2500,23.7500,1.2334,98.8934,180,0.5494,0.0425,0.1764,177.964,1,1,1
40,69,out,0.7892,9.4318,-2.6048,0.5763,old,16.7000,22.0000,-1.1466,66.8670,179,0.3736,20.2760,83.5488,255.109,0,0,1
40,69,out,0.7892,9.4318,-2.6048,0.5763,new,0.7500,9.4500,-2.6166,74.7697,179,0.4177,0.0432,0.6760,492.794,1,1,1
40,70,out,10.1319,5.1378,-0.2089,0.7114,old,16.6000,25.3000,2.9309,59.6440,180,0.3314,21.1743,179.9003,334.299,0,0,1
40,70,out,10.1319,5.1378,-0.2089,0.7114,new,16.6500,25.3500,2.9309,61.8055,180,0.3434,21.2372,179.9003,659.675,0,0,1
40,71,in,23.3146,18.3869,2.0207,0.3405,old,23.3000,18.4000,2.0209,121.6684,180,0.6759,0.0196,0.0135,65.346,1,1,1
40,71,in,23.3146,18.3869,2.0207,0.3405,new,23.3500,18.3500,2.0209,119.1042,180,0.6617,0.0512,0.0135,125.271,1,1,1
40,72,in,19.5766,15.3867,-2.1910,0.2657,old,19.6000,15.4000,-2.1966,137.0484,180,0.7614,0.0269,0.3221,78.854,1,1,1
40,72,in,19.5766,15.3867,-2.1910,0.2657,new,19.5500,15.4500,-2.1966,135.3348,180,0.7519,0.0687,0.3221,106.756,1,1,1
40,73,out,0.9060,28.2049,2.3184,0.6627,old,10.4000,20.4000,0.8659,62.4811,179,0.3491,12.2904,83.2204,335.208,0,0,1
40,73,out,0.9060,28.2049,2.3184,0.6627,new,0.8500,28.1500,2.3184,71.0779,179,0.3971,0.0784,0.0017,601.472,1,0,1
40,74,in,29.5606,33.9199,0.9822,0.2843,old,29.6000,33.9000,0.9884,129.6207,180,0.7201,0.0441,0.3531,124.331,1,1,1
40,74,in,29.5606,33.9199,0.9822,0.2843,new,29.5500,33.9500,0.9884,124.9084,180,0.6939,0.0319,0.3531,202.623,1,1,1
40,75,in,20.2026,12.1810,-2.2823,0.5636,old,20.2000,12.2000,-2.3016,80.6892,180,0.4483,0.0192,1.1071,221.910,1,1,1
40,75,in,20.2026,12.1810,-2.2823,0.5636,new,20.2500,12.1500,-2.3016,78.9100,180,0.4384,0.0566,1.1071,394.854,1,1,1
40,76,out,39.2202,5.0159,-1.5570,0.3967,old,13.4000,26.6000,0.0784,77.8906,178,0.4376,33.6535,93.7022,369.821,0,1,1
40,76,out,39.2202,5.0159,-1.5570,0.3967,new,39.2500,5.0500,-1.5491,106.2947,178,0.5972,0.0453,0.4534,441.478,1,1,1
40,77,in,23.4659,16.3809,0.8271,0.3832,old,23.5000,16.4000,0.8134,104.8851,180,0.5827,0.0391,0.7826,94.577,1,1,1
40,77,in,23.4659,16.3809,0.8271,0.3832,new,23.4500,16.3500,0.8134,106.0946,180,0.5894,0.0347,0.7826,200.955,1,1,1
40,78,in,35.4408,14.2998,1.1069,0.2962,old,35.4000,14.3000,1.1109,133.9084,177,0.7565,0.0408,0.2288,63.710,1,1,1
40,78,in,35.4408,14.2998,1.1069,0.2962,new,35.4500,14.3500,1.1109,133.2701,177,0.7529,0.0510,0.2288,127.812,1,1,1
40,79,in,23.2747,26.6161,1.4879,0.1103,old,23.3000,26.6000,1.4784,157.2363,180,0.8735,0.0300,0.5439,41.897,1,1,1
40,79,in,23.2747,26.6161,1.4879,0.1103,new,23.2500,26.6500,1.4784,157.5954,180,0.8755,0.0419,0.5439,67.881,1,1,1
40,80,in,32.7100,26.5799,0.3626,0.0787,old,32.7000,26.6000,0.3584,155.8958,180,0.8661,0.0224,0.2428,38.370,1,1,1
40,80,in,32.7100,26.5799,0.3626,0.0787,new,32.7500,26.5500,0.3584,154.2108,180,0.8567,0.0500,0.2428,61.502,1,1,1
40,81,in,24.3580,25.6422,1.6672,0.0732,old,24.3000,25.7000,1.6709,155.9301,180,0.8663,0.0819,0.2110,85.148,1,1,1
40,81,in,24.3580,25.6422,1.6672,0.0732,new,24.3500,25.6500,1.6709,161.4005,180,0.8967,0.0112,0.2110,39.705,1,1,1
40,82,in,24.6750,11.4770,-1.0657,0.0176,old,24.7000,11.5000,-1.0591,169.0863,180,0.9394,0.0340,0.3812,17.276,1,1,1
40,82,in,24.6750,11.4770,-1.0657,0.0176,new,24.7500,11.4500,-1.0591,168.6386,180,0.9369,0.0797,0.3812,76.719,1,1,1
40,83,in,31.0552,30.5666,-2.6118,0.2191,old,31.1000,30.6000,-2.6166,139.7225,177,0.7894,0.0559,0.2718,59.122,1,1,1
40,83,in,31.0552,30.5666,-2.6118,0.2191,new,31.0500,30.5500,-2.6166,139.5984,177,0.7887,0.0173,0.2718,114.469,1,1,1
40,84,in,30.8133,13.0592,-2.5658,0.0252,old,30.8000,13.1000,-2.5641,165.4805,178,0.9297,0.0429,0.1001,49.090,1,1,1
40,84,in,30.8133,13.0592,-2.5658,0.0252,new,30.8500,13.0500,-2.5641,168.7705,178,0.9481,0.0378,0.1001,27.179,1,1,1
40,85,in,20.3739,14.3434,0.4448,0.2279,old,20.4000,14.4000,0.4459,144.8727,180,0.8048,0.0623,0.0620,40.940,1,1,1
40,85,in,20.3739,14.3434,0.4448,0.2279,new,20.3500,14.3500,0.4459,148.4933,180,0.8250,0.0248,0.0620,59.912,1,1,1
40,86,out,17.8195,36.0513,-3.0081,0.0233,old,15.4000,24.9000,0.1309,151.2780,180,0.8404,11.4108,179.8541,101.183,0,1,1
40,86,out,17.8195,36.0513,-3.0081,0.0233,new,17.8500,36.0500,-3.0016,171.7896,180,0.9544,0.0305,0.3750,38.883,1,1,1
40,87,out,21.4607,38.9959,2.6581,0.7073,old,19.1000,20.5000,2.6334,66.5104,180,0.3695,18.6459,1.4164,252.433,0,0,1
40,87,out,21.4607,38.9959,2.6581,0.7073,new,18.5500,3.9500,-0.4991,68.1417,180,0.3786,35.1665,179.1046,546.500,0,0,1
40,88,in,27.6772,10.8350,2.7547,0.5492,old,16.3000,10.9000,2.7559,91.9553,180,0.5109,11.3774,0.0687,123.373,0,1,1
40,88,in,27.6772,10.8350,2.7547,0.5492,new,16.3500,10.8500,2.7559,94.1968,180,0.5233,11.3273,0.0687,215.232,0,1,1
40,89,in,28.7988,18.5384,-0.7162,0.6791,old,11.2000,30.0000,2.4409,75.3275,180,0.4185,21.0021,179.1109,228.632,0,1,1
40,89,in,28.7988,18.5384,-0.7162,0.6791,new,11.1500,29.9500,2.4234,77.4877,180,0.4305,21.0168,179.8864,370.553,0,1,1
40,90,out,9.5384,33.9715,-1.6895,0.0286,old,30.5000,21.0000,1.4434,147.0160,177,0.8306,24.6505,179.5003,43.606,0,1,0
40,90,out,9.5384,33.9715,-1.6895,0.0286,new,9.5500,33.9500,-1.6891,165.7899,177,0.9367,0.0244,0.0213,41.156,1,1,1
40,91,out,17.4235,2.3582,-2.8406,0.6795,old,17.5000,23.6000,-2.9141,57.0794,180,0.3171,21.2420,4.2109,374.365,0,0,1
40,91,out,17.4235,2.3582,-2.8406,0.6795,new,15.8500,2.3500,-2.8441,68.9823,180,0.3832,1.5735,0.2002,650.979,0,0,1
40,92,out,39.3488,20.0188,-2.6580,0.6956,old,11.0000,20.6000,-1.0591,61.8816,179,0.3457,28.3548,91.6109,365.241,0,0,1
40,92,out,39.3488,20.0188,-2.6580,0.6956,new,10.9500,20.6500,-1.0591,61.2900,179,0.3424,28.4058,91.6109,601.708,0,0,1
40,93,in,11.8674,10.5351,-1.1849,0.6976,old,11.9000,10.5000,-1.1641,74.2466,180,0.4125,0.0479,1.1896,182.046,1,1,1
40,93,in,11.8674,10.5351,-1.1849,0.6976,new,11.9500,10.5500,-1.1816,73.7442,180,0.4097,0.0839,0.1870,379.935,1,1,1
40,94,in,13.6096,30.7558,-1.2754,0.1047,old,13.6000,30.8000,-1.2866,160.0861,180,0.8894,0.0452,0.6440,59.407,1,1,1
40,94,in,13.6096,30.7558,-1.2754,0.1047,new,13.6500,30.7500,-1.2691,162.7408,180,0.9041,0.0408,0.3586,52.844,1,1,1
40,95,in,12.7683,10.1542,-0.8522,0.1986,old,12.8000,10.1000,-0.8491,148.3357,180,0.8241,0.0628,0.1759,48.093,1,1,1
40,95,in,12.7683,10.1542,-0.8522,0.1986,new,12.7500,10.1500,-0.8491,151.6329,180,0.8424,0.0188,0.1759,80.243,1,1,1
40,96,out,23.4407,0.4909,1.1060,0.4501,old,11.6000,18.0000,-2.0391,88.9493,180,0.4942,21.1370,179.7985,148.254,0,1,1
40,96,out,23.4407,0.4909,1.1060,0.4501,new,23.4500,0.4500,1.1109,112.2951,180,0.6239,0.0419,0.2802,240.357,1,1,1
40,97,out,4.5516,37.9873,-1.9824,0.2877,old,35.5000,29.0000,1.1634,121.7867,179,0.6804,32.2269,179.7558,97.416,0,1,1
40,97,out,4.5516,37.9873,-1.9824,0.2877,new,4.5500,31.5500,-1.9866,126.3222,179,0.7057,6.4373,0.2375,147.205,0,1,1
40,98,out,37.8617,1.2707,2.2899,0.5652,old,11.4000,20.2000,-0.8316,68.1353,180,0.3785,32.5352,178.8468,301.046,0,0,1
40,98,out,37.8617,1.2707,2.2899,0.5652,new,37.8500,1.2500,2.2834,87.2837,180,0.4849,0.0238,0.3704,514.902,1,1,1
40,99,out,9.9818,32.6233,-0.2092,0.1324,old,10.0000,32.7000,-0.2191,149.3982,177,0.8441,0.0788,0.5660,78.277,1,1,1
40,99,out,9.9818,32.6233,-0.2092,0.1324,new,9.9500,32.6500,-0.2191,152.2022,177,0.8599,0.0416,0.5660,96.067,1,1,1
40,100,in,11.0258,30.0004,-2.9410,0.4635,old,11.0000,30.0000,-2.9491,106.0075,180,0.5889,0.0258,0.4609,127.959,1,1,1
40,100,in,11.0258,30.0004,-2.9410,0.4635,new,11.0500,29.9500,-2.9316,103.3677,180,0.5743,0.0559,0.5418,196.172,1,1,1
40,101,out,4.0212,31.1721,1.0380,0.7199,old,16.6000,23.3000,-2.0916,54.8268,180,0.3046,14.8390,179.3127,409.461,0,0,1
40,101,out,4.0212,31.1721,1.0380,0.7199,new,4.0500,31.2500,1.0234,62.7422,180,0.3486,0.0830,0.8364,717.897,1,0,1
40,102,in,15.3314,13.4152,1.1802,0.2985,old,15.3000,13.4000,1.1809,140.1142,180,0.7784,0.0349,0.0388,65.470,1,1,1
40,102,in,15.3314,13.4152,1.1802,0.2985,new,15.3500,13.4500,1.1809,137.2843,180,0.7627,0.0394,0.0388,84.475,1,1,1
40,103,out,6.4938,31.1471,2.6031,0.5300,old,33.5000,17.3000,-0.5516,79.3155,179,0.4431,30.3493,179.2508,198.719,0,1,1
40,103,out,6.4938,31.1471,2.6031,0.5300,new,6.4500,31.1500,2.5984,98.0852,179,0.5480,0.0439,0.2675,327.969,1,1,1
40,104,in,14.1756,23.0995,1.7153,0.2391,old,14.2000,23.1000,1.7234,144.5620,180,0.8031,0.0244,0.4673,71.880,1,1,1
40,104,in,14.1756,23.0995,1.7153,0.2391,new,14.1500,23.0500,1.7059,139.9023,180,0.7772,0.0557,0.5354,96.471,1,1,1
40,105,in,31.1972,13.3330,-1.8625,0.1456,old,31.2000,13.3000,-1.8641,145.9928,179,0.8156,0.0331,0.0894,58.378,1,1,1
40,105,in,31.1972,13.3330,-1.8625,0.1456,new,31.2500,13.3500,-1.8641,149.0119,179,0.8325,0.0555,0.0894,79.158,1,1,1
40,106,in,23.2605,23.3631,2.2194,0.1248,old,23.2000,23.4000,2.2134,153.9763,180,0.8554,0.0709,0.3434,44.898,1,1,1
40,106,in,23.2605,23.3631,2.2194,0.1248,new,23.2500,23.3500,2.2134,157.7713,180,0.8765,0.0168,0.3434,52.016,1,1,1
40,107,in,23.2155,19.1737,-1.4221,0.6631,old,23.2000,19.2000,-1.4091,77.4279,180,0.4302,0.0305,0.7441,156.111,1,1,1
40,107,in,23.2155,19.1737,-1.4221,0.6631,new,23.1500,19.2500,-1.4091,75.9177,180,0.4218,0.1005,0.7441,284.901,1,1,1
40,108,in,32.1172,17.5623,-2.1140,0.5634,old,32.1000,17.5000,-2.1266,86.6700,177,0.4897,0.0647,0.7198,255.074,1,1,1
40,108,in,32.1172,17.5623,-2.1140,0.5634,new,32.1500,17.5500,-2.1266,87.7813,177,0.4959,0.0350,0.7198,346.009,1,1,1
40,109,in,22.3461,27.3164,0.9927,0.3589,old,22.3000,27.3000,0.9884,123.2630,180,0.6848,0.0489,0.2464,116.955,1,1,1
40,109,in,22.3461,27.3164,0.9927,0.3589,new,22.3500,27.3500,0.9884,125.0137,180,0.6945,0.0339,0.2464,177.023,1,1,1
40,110,in,15.0103,10.7868,2.8541,0.3860,old,15.0000,10.8000,2.8609,114.9906,180,0.6388,0.0167,0.3877,117.787,1,1,1
40,110,in,15.0103,10.7868,2.8541,0.3860,new,15.0500,10.7500,2.8609,114.9660,180,0.6387,0.0542,0.3877,170.435,1,1,1
40,111,in,21.8981,10.0543,0.5942,0.2498,old,21.9000,10.0000,0.5859,126.0764,180,0.7004,0.0543,0.4737,63.248,1,1,1
40,111,in,21.8981,10.0543,0.5942,0.2498,new,21.8500,10.0500,0.5859,128.2265,180,0.7124,0.0483,0.4737,120.691,1,1,1
40,112,in,23.4290,25.6009,1.4584,0.1010,old,23.4000,25.6000,1.4609,162.8220,180,0.9046,0.0290,0.1417,48.754,1,1,1
40,112,in,23.4290,25.6009,1.4584,0.1010,new,23.4500,25.5500,1.4609,156.3958,180,0.8689,0.0551,0.1417,64.510,1,1,1
40,113,in,25.1572,23.3525,-2.4580,0.6508,old,25.2000,23.3000,-2.4416,81.6649,180,0.4537,0.0677,0.9393,257.571,1,1,1
40,113,in,25.1572,23.3525,-2.4580,0.6508,new,25.1500,23.3500,-2.4416,82.4093,180,0.4578,0.0076,0.9393,331.530,1,1,1
40,114,in,15.2062,32.6179,-0.8774,0.5164,old,15.2000,14.6000,-0.8666,95.5315,180,0.5307,18.0179,0.6168,259.470,0,1,1
40,114,in,15.2062,32.6179,-0.8774,0.5164,new,15.2500,32.6500,-0.8841,96.2654,180,0.5348,0.0543,0.3859,641.223,1,1,1
40,115,in,11.7185,19.6854,0.3214,0.0546,old,11.7000,19.7000,0.3234,170.0259,180,0.9446,0.0235,0.1159,24.696,1,1,1
40,115,in,11.7185,19.6854,0.3214,0.0546,new,11.7500,19.7500,0.3059,166.3862,180,0.9244,0.0718,0.8868,55.173,1,1,1
40,116,in,25.3180,20.1841,-1.7581,0.4884,old,25.3000,20.2000,-1.7591,97.4592,180,0.5414,0.0241,0.0556,245.867,1,1,1
40,116,in,25.3180,20.1841,-1.7581,0.4884,new,25.3500,20.2500,-1.7591,95.1357,180,0.5285,0.0732,0.0556,304.240,1,1,1
40,117,in,15.8933,27.9938,0.5988,0.0042,old,15.9000,28.0000,0.6034,171.6824,180,0.9538,0.0091,0.2643,61.245,1,1,1
40,117,in,15.8933,27.9938,0.5988,0.0042,new,15.9500,27.9500,0.6034,171.7286,180,0.9540,0.0717,0.2643,32.691,1,1,1
40,118,in,22.3764,18.9878,-0.2708,0.3022,old,22.4000,19.0000,-0.2716,128.4347,180,0.7135,0.0266,0.0479,82.108,1,1,1
40,118,in,22.3764,18.9878,-0.2708,0.3022,new,22.3500,18.9500,-0.2716,126.5746,180,0.7032,0.0461,0.0479,112.746,1,1,1
40,119,in,33.3790,31.0032,-1.4032,0.3549,old,33.4000,31.0000,-1.4091,118.4658,178,0.6655,0.0212,0.3348,130.517,1,1,1
40,119,in,33.3790,31.0032,-1.4032,0.3549,new,33.3500,31.0500,-1.3916,116.7532,178,0.6559,0.0551,0.6679,169.780,1,1,1
80,0,out,24.4106,5.1716,-1.1525,0.5252,old,49.7000,55.3000,2.0034,93.2388,180,0.5180,56.1463,179.1826,616.316,0,1,1
80,0,out,24.4106,5.1716,-1.1525,0.5252,new,53.9500,35.1500,-1.1466,94.8443,180,0.5269,42.0866,0.3357,3536.129,0,1,1
80,1,out,20.9923,58.2432,3.1278,0.3428,old,49.1000,50.3000,-0.0091,110.8941,178,0.6230,29.2085,179.7324,345.558,0,1,1
80,1,out,20.9923,58.2432,3.1278,0.3428,new,20.9500,58.2500,3.1234,121.3972,178,0.6820,0.0429,0.2534,1156.506,1,1,1
80,2,in,45.2471,36.9791,-2.4489,0.2561,old,45.2000,37.0000,-2.4416,131.7592,176,0.7486,0.0515,0.4203,145.717,1,1,1
80,2,in,45.2471,36.9791,-2.4489,0.2561,new,45.2500,36.9500,-2.4591,131.0030,176,0.7443,0.0292,0.5823,655.665,1,1,1
80,3,out,59.7452,30.7905,-2.9802,0.6329,old,42.1000,48.8000,-2.9841,82.2151,179,0.4593,25.2130,0.2223,471.418,0,1,1
80,3,out,59.7452,30.7905,-2.9802,0.6329,new,42.1500,48.7500,-2.9841,81.5794,179,0.4558,25.1423,0.2223,2524.165,0,1,1
80,4,out,45.6481,67.2641,1.5995,0.1349,old,49.9000,49.3000,1.6009,133.9461,177,0.7568,18.4604,0.0829,140.907,0,1,1
80,4,out,45.6481,67.2641,1.5995,0.1349,new,45.6500,67.2500,1.6009,150.1733,177,0.8484,0.0142,0.0829,422.937,1,1,1
80,5,out,24.1432,17.7254,-0.3645,0.1476,old,43.9000,54.8000,2.7734,135.0201,178,0.7585,42.0102,179.7867,313.003,0,1,1
80,5,out,24.1432,17.7254,-0.3645,0.1476,new,24.1500,17.7500,-0.3591,141.3965,178,0.7944,0.0256,0.3076,565.624,1,1,1
80,6,out,31.0419,60.7469,1.8881,0.3646,old,43.7000,53.8000,-1.2516,107.5180,177,0.6074,14.4391,179.8905,453.004,0,1,1
80,6,out,31.0419,60.7469,1.8881,0.3646,new,31.0500,60.7500,1.8809,119.9408,177,0.6776,0.0087,0.4115,887.056,1,1,1
80,7,out,38.6876,60.9043,-1.2410,0.3310,old,43.8000,47.6000,1.8984,113.7080,176,0.6461,14.2528,179.8752,420.306,0,1,1
80,7,out,38.6876,60.9043,-1.2410,0.3310,new,38.6500,60.9500,-1.2341,120.9037,176,0.6870,0.0592,0.3962,1294.590,1,1,1
80,8,out,54.0494,76.5826,2.8749,0.5283,old,35.9000,54.5000,-0.2541,79.4883,180,0.4416,28.5840,179.2787,646.635,0,1,1
80,8,out,54.0494,76.5826,2.8749,0.5283,new,54.0500,76.5500,2.8784,88.9586,180,0.4942,0.0326,0.2003,2960.137,1,1,1
80,9,out,61.2700,48.0716,-1.1316,0.5442,old,42.3000,48.1000,-1.1291,89.3121,177,0.5046,18.9700,0.1443,604.632,0,1,1
80,9,out,61.2700,48.0716,-1.1316,0.5442,new,61.2500,48.0500,-1.1291,96.8933,177,0.5474,0.0295,0.1443,1583.315,1,1,1
80,10,out,1.1849,43.4998,1.4695,0.7267,old,35.5000,52.4000,3.0009,68.7716,180,0.3821,35.4505,87.7439,669.056,0,0,1
80,10,out,1.1849,43.4998,1.4695,0.7267,new,1.1500,43.5500,1.4609,73.0628,180,0.4059,0.0611,0.4916,3566.199,1,1,1
80,11,out,74.5902,53.1789,-0.4218,0.1675,old,55.3000,55.4000,2.7034,122.3375,177,0.6912,19.4177,179.0596,150.556,0,1,1
80,11,out,74.5902,53.1789,-0.4218,0.1675,new,74.5500,53.1500,-0.4116,146.3821,177,0.8270,0.0496,0.5832,735.777,1,1,1
80,12,out,15.3379,16.7513,-0.6383,0.6007,old,48.0000,46.8000,-0.6391,80.6008,178,0.4528,44.3817,0.0436,477.217,0,1,1
80,12,out,15.3379,16.7513,-0.6383,0.6007,new,54.7500,25.7500,2.4934,83.0500,178,0.4666,40.4264,179.4354,23324.247,0,1,1
80,13,out,36.6364,72.8512,-0.6157,0.3847,old,36.6000,53.6000,2.5284,100.5771,176,0.5715,19.2513,179.8572,3661.465,0,1,1
80,13,out,36.6364,72.8512,-0.6157,0.3847,new,36.6500,72.8500,-0.6216,115.6982,176,0.6574,0.0136,0.3389,15382.678,1,1,1
80,14,out,21.9662,29.5511,2.6367,0.5512,old,42.5000,47.5000,2.6684,93.1437,180,0.5175,27.2727,1.8184,3443.753,0,1,1
80,14,out,21.9662,29.5511,2.6367,0.5512,new,21.9500,29.5500,2.6334,95.3480,180,0.5297,0.0162,0.1870,2131.115,1,1,1
80,15,out,33.0120,10.6761,1.6692,0.0798,old,46.2000,49.8000,-1.4791,144.0312,177,0.8137,41.2868,179.6166,177.232,0,1,1
80,15,out,33.0120,10.6761,1.6692,0.0798,new,33.0500,10.6500,1.6709,157.7198,177,0.8911,0.0461,0.0983,516.681,1,1,1
80,16,out,31.6691,19.7932,-0.2060,0.3479,old,30.5000,46.7000,2.9309,116.1295,172,0.6752,26.9321,179.7332,326.504,0,1,1
80,16,out,31.6691,19.7932,-0.2060,0.3479,new,24.0500,52.7500,2.9309,113.9648,172,0.6626,33.8260,179.7332,923.682,0,1,1
80,17,out,60.0269,53.5996,1.0896,0.2426,old,38.8000,47.6000,1.0934,116.4136,179,0.6504,22.0585,0.2203,172.197,0,1,1
80,17,out,60.0269,53.5996,1.0896,0.2426,new,60.0500,53.5500,1.0934,128.3959,179,0.7173,0.0547,0.2203,816.831,1,1,1
80,18,out,12.2829,46.2492,-1.7779,0.2368,old,46.7000,52.2000,-1.7591,129.3331,177,0.7307,34.9278,1.0779,136.303,0,1,1
80,18,out,12.2829,46.2492,-1.7779,0.2368,new,12.2500,46.2500,-1.7766,140.3359,177,0.7929,0.0329,0.0753,577.196,1,1,1
80,19,out,58.6632,10.5908,-2.5408,0.5187,old,39.6000,44.0000,0.5159,88.3883,179,0.4938,38.4653,175.1373,336.997,0,1,1
80,19,out,58.6632,10.5908,-2.5408,0.5187,new,58.6500,10.5500,-2.5291,98.1572,179,0.5484,0.0429,0.6716,1956.655,1,1,1
80,20,out,26.2794,49.0890,-2.9272,0.5702,old,44.2000,47.4000,0.2184,86.5858,178,0.4864,18.0000,179.7719,377.850,0,1,1
80,20,out,26.2794,49.0890,-2.9272,0.5702,new,38.1500,59.3500,0.2184,86.0962,178,0.4837,15.6907,179.7719,2263.696,0,1,1
80,21,in,42.0101,36.0701,-0.7353,0.5678,old,42.1000,36.0000,-0.7441,95.4100,180,0.5301,0.1140,0.5032,574.381,1,1,1
80,21,in,42.0101,36.0701,-0.7353,0.5678,new,42.0500,36.0500,-0.7266,95.1270,180,0.5285,0.0447,0.4994,2739.213,1,1,1
80,22,out,29.5150,62.3666,-0.4294,0.6388,old,41.9000,50.4000,-0.4291,74.3743,178,0.4178,17.2217,0.0187,799.711,0,1,1
80,22,out,29.5150,62.3666,-0.4294,0.6388,new,48.8500,26.4500,-0.4466,75.1139,178,0.4220,40.7902,0.9840,3151.725,0,1,1
80,23,out,65.6556,76.2277,0.2579,0.6565,old,37.0000,51.9000,-0.0791,68.3221,180,0.3796,37.5896,19.3081,934.104,0,0,1
80,23,out,65.6556,76.2277,0.2579,0.6565,new,37.0500,51.8500,-0.0791,68.9551,180,0.3831,37.5839,19.3081,4885.619,0,0,1
80,24,out,30.6756,14.4340,2.0245,0.6936,old,46.0000,52.0000,-1.1291,78.7208,180,0.4373,40.5714,179.3109,742.636,0,1,0
80,24,out,30.6756,14.4340,2.0245,0.6936,new,46.1500,52.0500,-1.1291,79.5161,180,0.4418,40.6746,179.3109,5551.989,0,1,1
80,25,out,72.1422,48.1740,2.6073,0.6075,old,50.5000,36.4000,-0.5516,80.3569,180,0.4464,24.6376,179.0093,531.984,0,1,1
80,25,out,72.1422,48.1740,2.6073,0.6075,new,72.1500,48.1500,2.5984,84.8477,180,0.4714,0.0252,0.5090,2548.798,1,1,1
80,26,in,53.6362,48.0585,-0.7012,0.6547,old,43.8000,54.5000,2.4409,80.3097,180,0.4462,11.7577,179.9702,627.175,0,1,1
80,26,in,53.6362,48.0585,-0.7012,0.6547,new,43.7500,54.4500,2.4409,82.0126,180,0.4556,11.7723,179.9702,2978.966,0,1,1
80,27,out,47.5391,62.5004,1.3508,0.1831,old,43.8000,50.5000,1.3559,141.9602,175,0.8112,12.5694,0.2947,83.586,0,1,1
80,27,out,47.5391,62.5004,1.3508,0.1831,new,47.5500,62.5500,1.3559,148.5587,175,0.8489,0.0508,0.2947,509.680,1,1,1
80,28,out,15.4468,20.0053,1.1722,0.4949,old,51.5000,46.5000,-1.9691,113.5895,180,0.6311,44.7415,179.9844,155.292,0,1,1
80,28,out,15.4468,20.0053,1.1722,0.4949,new,52.2500,46.4500,-1.9691,110.8478,180,0.6158,45.3188,179.9844,1089.630,0,1,1
80,29,out,30.5847,17.2539,2.0125,0.0962,old,51.3000,49.2000,-1.1291,147.7301,176,0.8394,38.0747,179.9976,331.635,0,1,1
80,29,out,30.5847,17.2539,2.0125,0.0962,new,30.5500,17.2500,2.0034,156.9406,176,0.8917,0.0349,0.5186,909.861,1,1,1
80,30,out,0.8348,6.0086,-1.1222,0.1765,old,41.2000,46.2000,0.3584,96.8295,179,0.5409,56.9623,84.8353,254.986,0,1,1
80,30,out,0.8348,6.0086,-1.1222,0.1765,new,0.8500,6.0500,-1.1291,137.5374,179,0.7684,0.0441,0.3922,1711.395,1,1,1
80,31,out,65.0216,44.4209,-1.7331,0.7119,old,44.7000,52.1000,1.4084,71.1944,179,0.3977,21.7241,179.9961,625.393,0,0,1
80,31,out,65.0216,44.4209,-1.7331,0.7119,new,52.2500,26.4500,-1.7241,73.3902,179,0.4100,22.0469,0.5170,3261.638,0,1,1
80,32,out,6.7484,2.2589,0.4056,0.5069,old,41.9000,50.7000,0.4284,88.7407,180,0.4930,59.8513,1.3073,377.559,0,1,1
80,32,out,6.7484,2.2589,0.4056,0.5069,new,6.7500,2.2500,0.4109,101.5892,180,0.5644,0.0090,0.3046,2577.181,1,1,1
80,33,out,30.9950,12.8663,2.4884,0.2358,old,50.7000,53.6000,-0.6566,125.8128,176,0.7148,45.2495,179.8053,291.339,0,1,1
80,33,out,30.9950,12.8663,2.4884,0.2358,new,30.9500,12.8500,2.4934,136.9151,176,0.7779,0.0479,0.2870,565.392,1,1,1
80,34,out,63.3460,1.4816,2.5357,0.7787,old,41.0000,49.8000,-0.4116,63.8082,180,0.3545,53.2354,168.8660,1006.866,0,0,1
80,34,out,63.3460,1.4816,2.5357,0.7787,new,41.0500,49.8500,-0.3941,64.4097,180,0.3578,53.2599,167.8633,4869.995,0,0,1
80,35,out,68.9555,12.2234,0.7581,0.3653,old,30.0000,42.2000,0.7609,108.6789,179,0.6071,49.1541,0.1624,199.712,0,1,1
80,35,out,68.9555,12.2234,0.7581,0.3653,new,68.9500,12.2500,0.7609,114.1342,179,0.6376,0.0271,0.1624,975.390,1,1,1
80,36,out,57.2429,12.3890,1.8062,0.0971,old,36.9000,54.1000,-1.3391,132.7242,179,0.7415,46.4073,179.7909,243.448,0,1,1
80,36,out,57.2429,12.3890,1.8062,0.0971,new,57.2500,12.3500,1.8109,157.0914,179,0.8776,0.0397,0.2726,618.107,1,1,1
80,37,out,13.0625,65.0719,0.7296,0.3892,old,47.4000,53.1000,0.7259,110.3798,180,0.6132,36.3647,0.2121,200.154,0,1,1
80,37,out,13.0625,65.0719,0.7296,0.3892,new,13.0500,65.0500,0.7259,121.7935,180,0.6766,0.0252,0.2121,1176.738,1,1,1
80,38,out,26.6812,15.8216,-0.4449,0.3613,old,40.1000,44.7000,2.7034,120.6617,179,0.6741,31.8438,179.6156,275.007,0,1,1
80,38,out,26.6812,15.8216,-0.4449,0.3613,new,26.7500,15.7500,-0.4466,121.1900,179,0.6770,0.0992,0.0973,1538.433,1,1,1
80,39,out,54.9822,12.2939,1.2628,0.7829,old,36.9000,54.4000,1.1984,60.7443,180,0.3375,45.8246,3.6874,1957.864,0,0,1
80,39,out,54.9822,12.2939,1.2628,0.7829,new,36.9500,54.3500,1.1984,60.8910,180,0.3383,45.7589,3.6874,6278.900,0,0,1
80,40,out,52.6306,18.3813,-0.4566,0.0702,old,51.7000,48.1000,2.6859,153.7748,177,0.8688,29.7332,179.9462,237.847,0,1,0
80,40,out,52.6306,18.3813,-0.4566,0.0702,new,52.6500,18.3500,-0.4641,160.1040,177,0.9045,0.0368,0.4279,323.897,1,1,1
80,41,out,79.4974,71.6763,-2.5737,0.7937,old,39.5000,33.8000,2.2834,63.2838,180,0.3516,55.0854,81.7109,1094.286,0,0,1
80,41,out,79.4974,71.6763,-2.5737,0.7937,new,39.5500,33.7500,2.2834,62.0376,180,0.3447,55.0835,81.7109,6911.748,0,0,1
80,42,in,47.6825,43.4097,2.1416,0.6160,old,47.6000,43.4000,2.1434,81.7077,177,0.4616,0.0830,0.1038,1155.755,1,1,1
80,42,in,47.6825,43.4097,2.1416,0.6160,new,47.5500,43.4500,2.1434,80.2193,177,0.4532,0.1385,0.1038,2765.372,1,1,1
80,43,out,6.6309,9.8404,-2.8834,0.2984,old,36.9000,51.8000,-2.8616,122.8116,178,0.6900,51.7381,1.2490,228.264,0,1,1
80,43,out,6.6309,9.8404,-2.8834,0.2984,new,6.6500,9.8500,-2.8791,132.2988,178,0.7433,0.0214,0.2463,2370.198,1,1,1
80,44,out,55.9932,5.6079,1.9744,0.6106,old,41.8000,47.6000,1.9684,83.7885,180,0.4655,44.3259,0.3422,1419.143,0,1,1
80,44,out,55.9932,5.6079,1.9744,0.6106,new,54.1500,35.5500,1.9509,82.5544,180,0.4586,29.9988,1.3448,4143.382,0,1,1
80,45,out,5.6561,19.0202,-2.9616,0.0078,old,32.7000,35.5000,0.1834,145.7388,177,0.8234,31.6695,179.8020,112.404,0,1,1
80,45,out,5.6561,19.0202,-2.9616,0.0078,new,5.6500,19.0500,-2.9666,170.3737,177,0.9626,0.0304,0.2837,700.435,1,1,1
80,46,out,11.5501,59.3547,-3.0070,0.1194,old,49.3000,53.3000,-3.0016,134.7324,178,0.7569,38.2323,0.3090,213.422,0,1,1
80,46,out,11.5501,59.3547,-3.0070,0.1194,new,11.5500,59.3500,-3.0016,153.4594,178,0.8621,0.0047,0.3090,1356.824,1,1,1
80,47,out,65.4248,36.0119,-0.4094,0.6426,old,42.7000,42.0000,-0.4116,69.9562,179,0.3908,23.5005,0.1242,898.189,0,0,1
80,47,out,65.4248,36.0119,-0.4094,0.6426,new,41.4500,24.0500,-0.4291,71.5179,179,0.3995,26.7933,1.1269,6606.539,0,0,1
80,48,out,15.5190,20.3286,2.5628,0.1752,old,42.6000,44.4000,2.5634,130.1776,176,0.7396,36.2328,0.0349,310.374,0,1,1
80,48,out,15.5190,20.3286,2.5628,0.1752,new,15.5500,20.3500,2.5634,138.2707,176,0.7856,0.0377,0.0349,1136.277,1,1,1
80,49,out,10.6256,7.7546,-0.9313,0.1969,old,46.0000,52.7000,2.2134,114.1812,176,0.6488,57.1965,179.8209,461.644,0,1,1
80,49,out,10.6256,7.7546,-0.9313,0.1969,new,10.6500,7.7500,-0.9366,141.5306,176,0.8042,0.0249,0.3026,1430.274,1,1,1
80,50,out,45.3695,73.5476,-1.9932,0.0151,old,43.0000,52.9000,1.1459,139.1388,176,0.7906,20.7831,179.8584,71.995,0,1,1
80,50,out,45.3695,73.5476,-1.9932,0.0151,new,45.3500,73.5500,-1.9866,167.9008,176,0.9540,0.0196,0.3794,300.663,1,1,1
80,51,out,57.5449,39.8588,1.7651,0.0522,old,53.1000,50.7000,-1.3741,151.4936,178,0.8511,11.7171,179.8622,160.944,0,1,1
80,51,out,57.5449,39.8588,1.7651,0.0522,new,57.5500,39.8500,1.7584,168.5069,178,0.9467,0.0101,0.3832,205.352,1,1,1
80,52,out,68.9287,13.5974,-0.3646,0.5405,old,36.0000,46.9000,2.7734,86.6212,180,0.4812,46.8333,179.7953,802.492,0,1,1
80,52,out,68.9287,13.5974,-0.3646,0.5405,new,68.9500,13.5500,-0.3591,93.1555,180,0.5175,0.0520,0.3162,2820.728,1,1,1
80,53,out,1.1437,34.1955,2.5270,0.7936,old,42.3000,46.5000,2.3884,62.0155,180,0.3445,42.9563,7.9431,1131.475,0,0,1
80,53,out,1.1437,34.1955,2.5270,0.7936,new,42.4500,46.4500,2.3884,61.0479,180,0.3392,43.0858,7.9431,8769.278,0,0,1
80,54,out,61.9951,68.6582,-1.8982,0.7306,old,37.7000,45.8000,1.2509,72.1507,180,0.4008,33.3579,179.5674,806.620,0,1,1
80,54,out,61.9951,68.6582,-1.8982,0.7306,new,37.7500,45.8500,1.2509,71.6598,180,0.3981,33.2872,179.5674,5155.476,0,0,1
80,55,out,58.2336,58.5956,2.3823,0.0107,old,49.5000,40.6000,2.3884,155.3229,176,0.8825,20.0029,0.3474,179.862,0,1,1
80,55,out,58.2336,58.5956,2.3823,0.0107,new,58.2500,58.5500,2.3884,165.4189,176,0.9399,0.0484,0.3474,297.057,1,1,1
80,56,out,29.5438,46.4548,-1.3697,0.0618,old,40.5000,44.1000,1.7584,145.0287,179,0.8102,11.2064,179.2264,154.903,0,1,1
80,56,out,29.5438,46.4548,-1.3697,0.0618,new,29.5500,46.4500,-1.3741,168.9191,179,0.9437,0.0078,0.2526,210.930,1,1,1
80,57,out,66.2695,43.0743,-0.8041,0.1043,old,39.3000,49.1000,-0.7966,142.5551,178,0.8009,27.6344,0.4304,237.466,0,1,1
80,57,out,66.2695,43.0743,-0.8041,0.1043,new,66.2500,43.1500,-0.7966,149.3986,178,0.8393,0.0782,0.4304,512.460,1,1,1
80,58,out,79.2840,38.4260,-2.0893,0.0421,old,46.7000,52.0000,1.0584,107.2716,174,0.6165,35.2983,179.6476,174.798,0,1,1
80,58,out,79.2840,38.4260,-2.0893,0.0421,new,79.3500,38.4500,-2.0916,154.8144,174,0.8897,0.0702,0.1293,1586.499,1,1,1
80,59,out,39.0467,66.4751,-2.3397,0.2823,old,43.7000,48.5000,-2.3366,118.4046,177,0.6690,18.5676,0.1769,140.862,0,1,1
80,59,out,39.0467,66.4751,-2.3397,0.2823,new,39.0500,66.4500,-2.3366,129.2696,177,0.7303,0.0253,0.1769,831.213,1,1,1
80,60,out,50.7535,60.7694,-3.1009,0.0161,old,47.0000,48.8000,-3.0891,147.8944,178,0.8309,12.5441,0.6745,135.757,0,1,1
80,60,out,50.7535,60.7694,-3.1009,0.0161,new,50.7500,60.7500,-3.1066,168.4092,178,0.9461,0.0197,0.3282,684.216,1,1,1
80,61,in,48.4499,30.6259,2.7696,0.3100,old,48.4000,30.6000,2.7734,125.9525,178,0.7076,0.0562,0.2170,398.574,1,1,1
80,61,in,48.4499,30.6259,2.7696,0.3100,new,48.4500,30.6500,2.7734,126.0863,178,0.7083,0.0241,0.2170,761.418,1,1,1
80,62,out,68.7016,2.0550,2.5709,0.3866,old,42.3000,46.0000,-0.5691,83.0455,179,0.4639,51.2660,179.9107,590.027,0,1,1
80,62,out,68.7016,2.0550,2.5709,0.3866,new,63.8500,1.0500,-0.5691,96.8206,179,0.5409,4.9546,179.9107,4119.731,0,1,1
80,63,out,76.7930,26.2152,-0.4771,0.7108,old,45.0000,46.3000,2.6509,70.6134,180,0.3923,37.6058,179.2206,724.509,0,0,1
80,63,out,76.7930,26.2152,-0.4771,0.7108,new,44.9500,46.2500,2.6509,70.5811,180,0.3921,37.6214,179.2206,3815.263,0,0,1
80,64,out,51.5866,63.8812,-0.2594,0.2506,old,49.5000,51.8000,-0.2541,119.2877,179,0.6664,12.2601,0.3054,259.302,0,1,1
80,64,out,51.5866,63.8812,-0.2594,0.2506,new,51.6500,63.8500,-0.2716,133.4664,179,0.7456,0.0707,0.6973,809.644,1,1,1
80,65,in,35.3321,32.6085,0.4811,0.3197,old,35.3000,32.6000,0.4809,119.8240,177,0.6770,0.0332,0.0114,199.485,1,1,1
80,65,in,35.3321,32.6085,0.4811,0.3197,new,35.3500,32.6500,0.4809,118.8985,177,0.6717,0.0452,0.0114,904.991,1,1,1
80,66,in,35.3964,49.7617,-0.1031,0.6769,old,35.5000,49.8000,-0.0966,78.1387,178,0.4390,0.1105,0.3738,641.332,1,1,1
80,66,in,35.3964,49.7617,-0.1031,0.6769,new,35.4500,49.7500,-0.0966,79.9766,178,0.4493,0.0549,0.3738,2454.740,1,1,1
80,67,in,47.4560,53.6073,0.9212,0.7972,old,44.2000,55.0000,-2.1791,61.7207,179,0.3448,3.5413,177.6365,1027.528,0,0,1
80,67,in,47.4560,53.6073,0.9212,0.7972,new,44.2500,55.0500,-2.1791,61.5951,179,0.3441,3.5156,177.6365,9386.704,0,0,1
80,68,in,36.1596,46.5047,-0.2191,0.7344,old,36.3000,46.5000,-0.2191,70.5695,179,0.3942,0.1405,0.0008,926.290,1,0,1
80,68,in,36.1596,46.5047,-0.2191,0.7344,new,36.4500,46.5500,-0.2191,69.1188,179,0.3861,0.2939,0.0008,3924.308,1,0,1
80,69,in,42.1713,44.1053,0.3496,0.5120,old,42.1000,44.1000,0.3409,104.2022,178,0.5854,0.0715,0.4965,266.217,1,1,1
80,69,in,42.1713,44.1053,0.3496,0.5120,new,42.1500,44.1500,0.3409,104.3467,178,0.5862,0.0495,0.4965,1677.196,1,1,1
80,70,in,38.2790,40.7574,-1.2413,0.2748,old,38.3000,40.8000,-1.2341,129.6707,180,0.7204,0.0475,0.4146,459.298,1,1,1
80,70,in,38.2790,40.7574,-1.2413,0.2748,new,38.2500,40.7500,-1.2341,131.2751,180,0.7293,0.0299,0.4146,663.389,1,1,1
80,71,in,48.5754,35.2244,0.0885,0.7664,old,48.6000,35.2000,0.0959,67.8908,178,0.3814,0.0346,0.4253,752.628,1,0,1
80,71,in,48.5754,35.2244,0.0885,0.7664,new,48.5500,35.2500,0.0959,66.1808,178,0.3718,0.0361,0.4253,4692.933,1,0,1
80,72,in,37.1605,53.7556,0.4154,0.0005,old,37.1000,53.8000,0.4109,165.1902,176,0.9386,0.0751,0.2592,89.124,1,1,1
80,72,in,37.1605,53.7556,0.4154,0.0005,new,37.1500,53.7500,0.4109,171.0377,176,0.9718,0.0119,0.2592,121.043,1,1,1
80,73,in,49.7363,43.3787,-0.5648,0.4373,old,49.8000,43.4000,-0.5691,107.3941,176,0.6102,0.0672,0.2436,385.751,1,1,1
80,73,in,49.7363,43.3787,-0.5648,0.4373,new,49.7500,43.3500,-0.5691,106.3178,176,0.6041,0.0318,0.2436,1027.649,1,1,1
80,74,in,50.4674,30.2246,-2.8266,0.7038,old,46.7000,48.2000,-2.8616,77.5251,180,0.4307,18.3660,2.0038,550.754,0,1,1
80,74,in,50.4674,30.2246,-2.8266,0.7038,new,45.3500,54.2500,0.3059,78.4950,180,0.4361,24.5644,179.4806,3191.457,0,1,1
80,75,in,39.7754,30.9251,0.6744,0.5443,old,39.8000,30.9000,0.6734,98.1922,179,0.5486,0.0351,0.0573,456.522,1,1,1
80,75,in,39.7754,30.9251,0.6744,0.5443,new,39.7500,30.9500,0.6734,99.2829,179,0.5547,0.0356,0.0573,1742.427,1,1,1
80,76,in,45.8839,46.6253,-2.3865,0.5408,old,45.9000,46.6000,-2.3716,99.4583,176,0.5651,0.0300,0.8525,262.980,1,1,1
80,76,in,45.8839,46.6253,-2.3865,0.5408,new,45.9500,46.6500,-2.3716,99.7037,176,0.5665,0.0706,0.8525,1601.371,1,1,1
80,77,in,52.9179,53.4497,-0.2559,0.6500,old,52.9000,53.5000,-0.2716,94.4733,180,0.5249,0.0533,0.9000,598.794,1,1,1
80,77,in,52.9179,53.4497,-0.2559,0.6500,new,52.8500,53.4500,-0.2716,95.6882,180,0.5316,0.0679,0.9000,1513.660,1,1,1
80,78,in,50.0230,40.3783,2.6503,0.5084,old,50.1000,40.3000,2.6509,97.3756,179,0.5440,0.1098,0.0347,472.787,1,1,1
80,78,in,50.0230,40.3783,2.6503,0.5084,new,50.0500,40.3500,2.6509,97.4152,179,0.5442,0.0391,0.0347,2093.355,1,1,1
80,79,in,41.4816,46.0012,-1.7594,0.2947,old,41.5000,46.0000,-1.7591,133.8729,173,0.7738,0.0184,0.0200,139.394,1,1,1
80,79,in,41.4816,46.0012,-1.7594,0.2947,new,41.4500,45.9500,-1.7591,128.4941,173,0.7427,0.0602,0.0200,745.426,1,1,1
80,80,in,48.9719,49.2286,-0.0584,0.7590,old,42.8000,41.2000,3.0709,70.0119,180,0.3890,10.1267,179.2933,898.101,0,0,1
80,80,in,48.9719,49.2286,-0.0584,0.7590,new,42.8500,41.2500,3.0709,70.3270,180,0.3907,10.0566,179.2933,3899.993,0,0,1
80,81,in,37.6781,40.9625,1.5233,0.0949,old,37.7000,41.0000,1.5309,149.6797,176,0.8505,0.0434,0.4380,120.247,1,1,1
80,81,in,37.6781,40.9625,1.5233,0.0949,new,37.6500,40.9500,1.5309,151.8239,176,0.8626,0.0308,0.4380,639.462,1,1,1
80,82,in,48.0628,38.5851,0.2030,0.5344,old,48.1000,38.6000,0.2009,103.3217,177,0.5837,0.0401,0.1190,297.956,1,1,1
80,82,in,48.0628,38.5851,0.2030,0.5344,new,48.0500,38.6500,0.2009,101.2014,177,0.5718,0.0661,0.1190,1973.119,1,1,1
80,83,in,43.8753,40.6130,-1.3352,0.4675,old,43.8000,40.6000,-1.3391,101.9607,175,0.5826,0.0764,0.2226,470.084,1,1,1
80,83,in,43.8753,40.6130,-1.3352,0.4675,new,43.8500,40.6500,-1.3391,99.9138,175,0.5709,0.0448,0.2226,1620.212,1,1,1
80,84,in,37.7996,34.0259,1.6003,0.1854,old,37.8000,34.0000,1.6009,151.4070,177,0.8554,0.0259,0.0342,120.635,1,1,1
80,84,in,37.7996,34.0259,1.6003,0.1854,new,37.8500,34.0500,1.6009,149.6342,177,0.8454,0.0559,0.0342,629.871,1,1,1
80,85,in,43.1539,46.9457,1.4477,0.1768,old,43.1000,46.9000,1.4434,142.0989,174,0.8167,0.0707,0.2447,100.051,1,1,1
80,85,in,43.1539,46.9457,1.4477,0.1768,new,43.1500,46.9500,1.4434,145.6585,174,0.8371,0.0058,0.2447,616.232,1,1,1
80,86,in,38.0570,35.8972,3.1389,0.3390,old,38.0000,35.9000,3.1409,128.3059,177,0.7249,0.0571,0.1169,211.440,1,1,1
80,86,in,38.0570,35.8972,3.1389,0.3390,new,38.0500,35.9500,3.1409,124.7192,177,0.7046,0.0532,0.1169,780.136,1,1,1
80,87,in,44.4223,49.5090,2.1477,0.1985,old,44.4000,49.5000,2.1434,148.7606,176,0.8452,0.0241,0.2481,263.776,1,1,1
80,87,in,44.4223,49.5090,2.1477,0.1985,new,44.3500,49.5500,2.1434,146.8878,176,0.8346,0.0832,0.2481,462.330,1,1,1
80,88,in,38.5276,54.8780,-1.3223,0.7213,old,38.5000,54.9000,-1.3216,73.4484,179,0.4103,0.0353,0.0389,1024.360,1,1,1
80,88,in,38.5276,54.8780,-1.3223,0.7213,new,38.4500,54.9500,-1.3216,72.4423,179,0.4047,0.1059,0.0389,3798.798,1,1,1
80,89,in,45.9297,31.1973,-2.3126,0.3211,old,45.9000,31.2000,-2.3191,131.8662,175,0.7535,0.0298,0.3703,115.916,1,1,1
80,89,in,45.9297,31.1973,-2.3126,0.3211,new,45.8500,31.2500,-2.3191,126.4639,175,0.7227,0.0956,0.3703,834.285,1,1,1
80,90,in,45.7492,43.2966,-2.9155,0.4138,old,45.6000,43.3000,-2.9141,108.9087,173,0.6295,0.1493,0.0804,272.392,1,1,1
80,90,in,45.7492,43.2966,-2.9155,0.4138,new,45.6500,43.3500,-2.9141,104.9719,173,0.6068,0.1127,0.0804,1473.375,1,1,1
80,91,in,41.3772,46.5030,2.6115,0.5293,old,41.4000,46.5000,2.5984,84.5796,177,0.4779,0.0230,0.7480,599.220,1,1,1
80,91,in,41.3772,46.5030,2.6115,0.5293,new,41.3500,46.4500,2.5984,84.9838,177,0.4801,0.0596,0.7480,2479.755,1,1,1
80,92,in,50.9827,37.6598,-1.5135,0.1355,old,51.0000,37.7000,-1.5141,151.9302,178,0.8535,0.0438,0.0338,167.670,1,1,1
80,92,in,50.9827,37.6598,-1.5135,0.1355,new,50.9500,37.6500,-1.5141,154.8431,178,0.8699,0.0341,0.0338,384.816,1,1,1
80,93,in,33.4550,37.8976,2.1935,0.6120,old,43.7000,49.9000,2.1784,83.5116,178,0.4692,15.7803,0.8628,761.865,0,1,1
80,93,in,33.4550,37.8976,2.1935,0.6120,new,33.4500,37.9500,2.1784,83.3118,178,0.4680,0.0526,0.8628,2827.375,1,1,1
80,94,in,34.2614,31.7610,2.2874,0.3095,old,34.3000,31.8000,2.2834,123.1493,177,0.6958,0.0549,0.2276,450.329,1,1,1
80,94,in,34.2614,31.7610,2.2874,0.3095,new,34.2500,31.7500,2.2834,123.2525,177,0.6963,0.0158,0.2276,809.746,1,1,1
80,95,in,42.1350,31.7182,-0.2667,0.2882,old,42.1000,31.7000,-0.2716,130.2691,178,0.7318,0.0394,0.2790,326.820,1,1,1
80,95,in,42.1350,31.7182,-0.2667,0.2882,new,42.1500,31.7500,-0.2716,131.5792,178,0.7392,0.0352,0.2790,687.804,1,1,1
80,96,in,44.4795,38.6821,0.7316,0.7712,old,44.4000,38.7000,0.7434,71.7245,180,0.3985,0.0814,0.6779,733.523,1,0,1
80,96,in,44.4795,38.6821,0.7316,0.7712,new,44.4500,38.7500,0.7434,72.1523,180,0.4008,0.0740,0.6779,4643.583,1,1,1
80,97,in,53.1017,42.1600,1.7269,0.3166,old,53.1000,42.2000,1.7234,123.1005,180,0.6839,0.0400,0.1986,353.560,1,1,1
80,97,in,53.1017,42.1600,1.7269,0.3166,new,53.0500,42.1500,1.7234,125.3409,180,0.6963,0.0527,0.1986,1193.728,1,1,1
80,98,in,53.5673,45.9159,-2.3546,0.6177,old,53.5000,45.9000,-2.3541,95.0356,179,0.5309,0.0691,0.0315,358.487,1,1,1
80,98,in,53.5673,45.9159,-2.3546,0.6177,new,53.5500,45.8500,-2.3541,94.0048,179,0.5252,0.0682,0.0315,2138.843,1,1,1
80,99,in,34.9466,49.2569,-2.4188,0.3833,old,41.8000,49.3000,-2.4241,109.4148,175,0.6252,6.8535,0.3015,225.334,0,1,1
80,99,in,34.9466,49.2569,-2.4188,0.3833,new,34.9500,49.2500,-2.4241,110.3778,175,0.6307,0.0077,0.3015,1283.960,1,1,1
80,100,in,45.5085,33.3721,3.0873,0.6445,old,38.3000,51.4000,3.0709,79.5518,180,0.4420,19.4157,0.9414,748.380,0,1,0
80,100,in,45.5085,33.3721,3.0873,0.6445,new,45.5500,33.3500,3.0884,79.1474,180,0.4397,0.0470,0.0613,3307.066,1,1,1
80,101,in,45.8523,54.9088,-0.9586,0.4769,old,45.8000,54.9000,-0.9541,108.0541,180,0.6003,0.0531,0.2573,611.192,1,1,1
80,101,in,45.8523,54.9088,-0.9586,0.4769,new,45.8500,54.9500,-0.9541,107.6877,180,0.5983,0.0412,0.2573,1579.743,1,1,1
80,102,in,54.1500,42.7890,-0.1437,0.7866,old,40.5000,53.8000,3.0009,61.0494,179,0.3411,17.5375,179.8295,1327.644,0,0,1
80,102,in,54.1500,42.7890,-0.1437,0.7866,new,41.1500,48.7500,-0.1491,61.3707,179,0.3429,14.3015,0.3112,6362.103,0,0,1
80,103,in,54.5157,54.7728,-0.7093,0.5994,old,54.6000,54.8000,-0.7091,79.8488,178,0.4486,0.0886,0.0143,716.166,1,1,1
80,103,in,54.5157,54.7728,-0.7093,0.5994,new,54.5500,54.7500,-0.7091,78.5377,178,0.4412,0.0412,0.0143,2570.660,1,1,1
80,104,in,49.1900,46.6141,0.1410,0.7436,old,49.3000,46.6000,0.1484,77.6222,180,0.4312,0.1109,0.4264,546.156,1,1,1
80,104,in,49.1900,46.6141,0.1410,0.7436,new,27.2500,55.9500,-2.9841,78.4290,180,0.4357,23.8437,179.0526,2941.347,0,1,1
80,105,in,32.8329,37.7078,-3.1241,0.3124,old,32.8000,37.7000,-3.1241,126.8360,178,0.7126,0.0338,0.0012,232.569,1,1,1
80,105,in,32.8329,37.7078,-3.1241,0.3124,new,32.7500,37.7500,-3.1241,123.3421,178,0.6929,0.0930,0.0012,795.673,1,1,1
80,106,in,49.2784,31.2043,-3.1366,0.5335,old,49.2000,31.2000,3.1416,102.8346,177,0.5810,0.0785,0.2842,396.533,1,1,1
80,106,in,49.2784,31.2043,-3.1366,0.5335,new,49.2500,31.2500,3.1416,101.5748,177,0.5739,0.0538,0.2842,1280.097,1,1,1
80,107,in,39.6135,52.7163,1.5646,0.4753,old,39.6000,52.7000,1.5659,96.3857,177,0.5446,0.0212,0.0743,293.273,1,1,1
80,107,in,39.6135,52.7163,1.5646,0.4753,new,39.5500,52.7500,1.5659,95.5962,177,0.5401,0.0718,0.0743,1988.979,1,1,1
80,108,in,44.1991,38.4841,3.1295,0.1424,old,44.2000,38.5000,3.1409,155.5194,175,0.8887,0.0159,0.6508,107.182,1,1,1
80,108,in,44.1991,38.4841,3.1295,0.1424,new,44.2500,38.5500,3.1416,153.0424,175,0.8745,0.0832,0.6900,550.561,1,1,1
80,109,in,30.0480,37.9703,0.1679,0.2169,old,30.0000,38.0000,0.1659,144.0825,178,0.8095,0.0565,0.1123,144.478,1,1,1
80,109,in,30.0480,37.9703,0.1679,0.2169,new,30.0500,37.9500,0.1659,144.0347,178,0.8092,0.0204,0.1123,455.864,1,1,1
80,110,in,33.1447,39.9100,-1.9075,0.3153,old,33.1000,39.9000,-1.9166,126.8376,178,0.7126,0.0458,0.5211,154.470,1,1,1
80,110,in,33.1447,39.9100,-1.9075,0.3153,new,33.0500,39.9500,-1.9166,123.2176,178,0.6922,0.1028,0.5211,992.504,1,1,1
80,111,in,42.9192,48.1578,-0.7879,0.2440,old,42.9000,48.2000,-0.7966,134.8621,177,0.7619,0.0463,0.4970,259.787,1,1,1
80,111,in,42.9192,48.1578,-0.7879,0.2440,new,42.8500,48.1500,-0.7966,136.4920,177,0.7711,0.0696,0.4970,613.300,1,1,1
80,112,in,42.2009,50.0161,-0.9392,0.4420,old,42.2000,50.0000,-0.9366,105.0148,172,0.6106,0.0161,0.1491,368.475,1,1,1
80,112,in,42.2009,50.0161,-0.9392,0.4420,new,42.2500,50.0500,-0.9366,104.8325,172,0.6095,0.0597,0.1491,1016.908,1,1,1
80,113,in,49.0703,35.6485,-1.4134,0.7427,old,49.1000,35.7000,-1.4091,75.0305,178,0.4215,0.0594,0.2492,749.127,1,1,1
80,113,in,49.0703,35.6485,-1.4134,0.7427,new,49.1500,35.6500,-1.4091,76.0676,178,0.4273,0.0797,0.2492,2898.905,1,1,1
80,114,in,31.6295,30.5860,0.1275,0.0159,old,31.6000,30.6000,0.1309,166.8748,177,0.9428,0.0326,0.1941,145.196,1,1,1
80,114,in,31.6295,30.5860,0.1275,0.0159,new,31.5500,30.5500,0.1309,163.5985,177,0.9243,0.0873,0.1941,217.688,1,1,1
80,115,in,39.5592,31.1483,-0.7729,0.6261,old,39.5000,31.1000,-0.7616,81.3580,178,0.4571,0.0764,0.6475,516.857,1,1,1
80,115,in,39.5592,31.1483,-0.7729,0.6261,new,39.5500,31.1500,-0.7616,82.9788,178,0.4662,0.0093,0.6475,2191.489,1,1,1
80,116,in,44.8740,47.3825,-2.9156,0.5115,old,44.8000,47.4000,-2.9141,84.5262,177,0.4775,0.0761,0.0847,460.995,1,1,1
80,116,in,44.8740,47.3825,-2.9156,0.5115,new,44.8500,47.3500,-2.9141,83.1843,177,0.4700,0.0404,0.0847,2732.041,1,1,1
80,117,in,55.2149,42.2542,1.4738,0.3476,old,55.1000,42.3000,1.4784,112.3661,177,0.6348,0.1237,0.2665,203.228,1,1,1
80,117,in,55.2149,42.2542,1.4738,0.3476,new,55.0500,42.2500,1.4784,114.7479,177,0.6483,0.1649,0.2665,1037.050,1,1,1
80,118,in,51.6698,32.6706,0.4879,0.7700,old,46.8000,39.8000,-2.6341,74.2929,179,0.4150,8.6338,178.8784,576.499,0,1,1
80,118,in,51.6698,32.6706,0.4879,0.7700,new,47.1500,39.8500,-2.6166,74.8014,179,0.4179,8.4837,177.8757,3115.738,0,1,1
80,119,in,52.9415,49.0942,2.5217,0.3865,old,53.0000,49.1000,2.5109,122.8440,178,0.6901,0.0587,0.6170,320.857,1,1,1
80,119,in,52.9415,49.0942,2.5217,0.3865,new,52.9500,49.1500,2.5109,123.2360,178,0.6923,0.0564,0.6170,773.625,1,1,1
