time_s,aiding,runs,chi2_lo15,chi2_hi15,chi2_lo3,chi2_hi3,nees_p_gi,nees_v_gi,nees_th_gi,nees_ba_gi,nees_bg_gi,nees_all_gi,nees_p_rj,nees_v_rj,nees_th_rj,nees_ba_rj,nees_bg_rj,nees_all_rj
0.000,1,100,13.9455,16.0923,2.5391,3.4988,2.61201,3.28783,3.32718,2.94270,2.77925,14.94897,2.61201,3.28783,3.32718,2.94270,2.77925,14.94897
0.500,1,100,13.9455,16.0923,2.5391,3.4988,3.28235,3.12546,2.71309,2.88241,2.75979,14.80892,3.28232,3.12546,2.71315,2.88233,2.76014,14.80786
1.000,1,100,13.9455,16.0923,2.5391,3.4988,2.85969,2.75808,2.98195,3.07663,3.13876,14.71857,2.85964,2.75786,2.98194,3.07631,3.13856,14.71283
1.500,1,100,13.9455,16.0923,2.5391,3.4988,2.98529,3.30240,3.18232,3.19197,3.23883,15.20756,2.98536,3.30237,3.18173,3.19165,3.23548,15.20579
2.000,1,100,13.9455,16.0923,2.5391,3.4988,3.12200,3.40579,3.16825,3.05520,3.21340,15.22066,3.12218,3.40583,3.16666,3.05481,3.20853,15.21741
2.500,1,100,13.9455,16.0923,2.5391,3.4988,2.92998,3.16508,2.87924,2.93549,3.08373,14.70390,2.93005,3.16521,2.87829,2.93507,3.08148,14.70466
3.000,1,100,13.9455,16.0923,2.5391,3.4988,3.00858,3.08426,2.82989,2.89210,2.95077,14.71815,3.00905,3.08527,2.82931,2.89217,2.94924,14.72457
3.500,1,100,13.9455,16.0923,2.5391,3.4988,3.04236,2.79905,2.99423,2.91511,3.02860,15.88893,3.04320,2.79974,2.99336,2.91568,3.02565,15.88982
4.000,1,100,13.9455,16.0923,2.5391,3.4988,2.98588,3.05099,3.02978,3.02200,3.14092,17.11439,2.98549,3.04964,3.02880,3.02212,3.13763,17.08862
4.500,1,100,13.9455,16.0923,2.5391,3.4988,3.03989,2.88862,2.74828,2.80232,2.93740,18.02636,3.03974,2.88890,2.74899,2.80191,2.93828,18.00318
5.000,1,100,13.9455,16.0923,2.5391,3.4988,3.16676,2.78261,2.74356,2.86813,3.14521,17.92034,3.16684,2.78373,2.74481,2.86728,3.14677,17.91398
5.500,1,100,13.9455,16.0923,2.5391,3.4988,3.04880,2.87733,2.94150,2.96690,3.08777,16.71380,3.04987,2.87949,2.94103,2.96632,3.08464,16.69796
6.000,1,100,13.9455,16.0923,2.5391,3.4988,3.19177,2.83215,2.86437,2.98763,2.95263,15.75746,3.19256,2.83283,2.86181,2.98700,2.94801,15.74978
6.500,1,100,13.9455,16.0923,2.5391,3.4988,2.80173,2.60981,2.92379,2.99865,3.02028,15.30835,2.80225,2.61030,2.92275,2.99769,3.01482,15.29945
7.000,1,100,13.9455,16.0923,2.5391,3.4988,2.96647,2.88656,2.98670,2.99811,3.00920,15.26953,2.96744,2.88738,2.98779,2.99804,3.00642,15.26636
7.500,1,100,13.9455,16.0923,2.5391,3.4988,2.82615,2.85966,3.00008,2.94175,3.01810,14.68697,2.82703,2.86028,3.00187,2.94230,3.01583,14.68659
8.000,1,100,13.9455,16.0923,2.5391,3.4988,3.29513,3.11178,3.04363,2.93973,3.02053,15.54969,3.29735,3.11563,3.04529,2.94019,3.01881,15.55051
8.500,1,100,13.9455,16.0923,2.5391,3.4988,3.35148,3.08432,2.98632,3.13101,3.00800,15.38760,3.35262,3.08674,2.98597,3.13041,3.00551,15.38346
9.000,1,100,13.9455,16.0923,2.5391,3.4988,3.06250,2.87607,2.96042,2.99947,2.95196,15.51244,3.06424,2.87897,2.96102,2.99863,2.94989,15.50569
9.500,1,100,13.9455,16.0923,2.5391,3.4988,2.67434,2.68003,2.82743,2.86195,2.82311,15.29282,2.67556,2.68084,2.82659,2.86086,2.81910,15.28339
10.000,1,100,13.9455,16.0923,2.5391,3.4988,2.67155,2.84329,3.10787,2.96256,3.05695,16.40313,2.67292,2.84464,3.10870,2.96205,3.05377,16.39580
10.500,1,100,13.9455,16.0923,2.5391,3.4988,2.80999,3.05803,3.10242,3.11256,2.99255,18.36541,2.80937,3.05554,3.10387,3.11423,2.98949,18.36023
11.000,1,100,13.9455,16.0923,2.5391,3.4988,3.20988,3.36314,3.04932,3.17925,3.06940,20.06892,3.21087,3.36399,3.05002,3.18018,3.06510,20.06658
11.500,1,100,13.9455,16.0923,2.5391,3.4988,3.07005,3.16167,3.02431,2.99544,3.14788,19.66480,3.07187,3.16446,3.02507,2.99666,3.14416,19.66500
12.000,1,100,13.9455,16.0923,2.5391,3.4988,2.96076,3.05737,3.06239,2.87847,3.15507,18.42836,2.96285,3.05998,3.06195,2.87909,3.15252,18.42633
12.500,1,100,13.9455,16.0923,2.5391,3.4988,2.78413,3.07552,3.19180,2.93118,3.18360,17.23541,2.78450,3.07488,3.18935,2.93010,3.18054,17.22809
13.000,1,100,13.9455,16.0923,2.5391,3.4988,3.17850,3.17297,3.39692,2.98004,3.17106,16.45411,3.18174,3.17657,3.39375,2.97922,3.16783,16.45044
13.500,1,100,13.9455,16.0923,2.5391,3.4988,3.28336,3.11481,3.56562,3.10185,3.22944,15.96987,3.28567,3.11623,3.55937,3.09885,3.22528,15.96429
14.000,1,100,13.9455,16.0923,2.5391,3.4988,3.21615,2.89962,3.50838,2.96483,3.19083,15.63349,3.21681,2.90023,3.50321,2.96209,3.18848,15.62654
14.500,1,100,13.9455,16.0923,2.5391,3.4988,3.07643,3.05462,3.61125,3.04335,3.34782,15.63061,3.07717,3.05625,3.60840,3.04215,3.34674,15.62527
15.000,1,100,13.9455,16.0923,2.5391,3.4988,3.35683,3.41734,3.62694,3.09050,3.30331,15.60418,3.35885,3.42053,3.62409,3.08758,3.30140,15.59910
15.500,1,100,13.9455,16.0923,2.5391,3.4988,3.01245,3.18911,3.44261,3.09866,3.27840,14.84788,3.01310,3.18947,3.44077,3.09642,3.27722,14.84187
16.000,1,100,13.9455,16.0923,2.5391,3.4988,3.42594,3.33523,3.55978,3.16890,3.34466,15.17026,3.42342,3.33246,3.55804,3.16543,3.34309,15.16206
16.500,1,100,13.9455,16.0923,2.5391,3.4988,3.19269,2.93092,3.38325,2.88673,3.10697,15.19356,3.19109,2.92953,3.38268,2.88426,3.10664,15.18870
17.000,1,100,13.9455,16.0923,2.5391,3.4988,3.07678,2.74812,3.16700,2.70520,2.91499,15.16854,3.07391,2.74630,3.16670,2.70353,2.91546,15.16519
17.500,1,100,13.9455,16.0923,2.5391,3.4988,3.05646,2.80011,3.33200,2.75437,2.95425,15.64527,3.05463,2.79959,3.33098,2.75438,2.95364,15.64247
18.000,1,100,13.9455,16.0923,2.5391,3.4988,2.56419,2.43574,3.19627,2.46098,2.56143,16.81723,2.56367,2.43539,3.19346,2.45975,2.56008,16.81616
18.500,1,100,13.9455,16.0923,2.5391,3.4988,2.80180,2.70459,3.67541,2.62034,2.81651,19.89828,2.80222,2.70502,3.67352,2.62000,2.81606,19.90029
19.000,1,100,13.9455,16.0923,2.5391,3.4988,2.77997,2.83437,4.32619,2.65945,2.87964,23.27991,2.78028,2.83451,4.32389,2.66025,2.87990,23.28626
19.500,1,100,13.9455,16.0923,2.5391,3.4988,2.86712,3.01131,4.30628,2.63121,2.82337,24.42109,2.86685,3.01068,4.30370,2.63095,2.82376,24.42430
20.000,1,100,13.9455,16.0923,2.5391,3.4988,2.86650,3.11235,3.81081,2.57839,2.69760,21.75018,2.86700,3.11321,3.80911,2.58025,2.69912,21.74952
20.500,1,100,13.9455,16.0923,2.5391,3.4988,2.68410,2.81107,3.37900,2.34394,2.45453,19.05533,2.68473,2.81152,3.37732,2.34421,2.45590,19.05255
21.000,1,100,13.9455,16.0923,2.5391,3.4988,2.86871,2.85939,3.04161,2.37619,2.38797,16.69542,2.86913,2.85910,3.03862,2.37606,2.38912,16.69175
21.500,1,100,13.9455,16.0923,2.5391,3.4988,2.67198,2.71327,2.93813,2.32419,2.12695,15.08284,2.67223,2.71278,2.93511,2.32365,2.12705,15.07875
22.000,1,100,13.9455,16.0923,2.5391,3.4988,2.54133,2.63384,2.85519,2.24541,2.03010,13.86924,2.54178,2.63362,2.85326,2.24394,2.03047,13.86611
22.500,1,100,13.9455,16.0923,2.5391,3.4988,2.56419,2.67554,2.85213,2.40763,2.05473,13.56277,2.56478,2.67554,2.85063,2.40649,2.05541,13.55992
23.000,1,100,13.9455,16.0923,2.5391,3.4988,2.88641,2.82841,2.88312,2.38739,2.04062,13.70823,2.88672,2.82810,2.88134,2.38545,2.04103,13.70581
23.500,1,100,13.9455,16.0923,2.5391,3.4988,2.76891,2.65105,2.71612,2.16458,1.87890,13.68081,2.76847,2.64983,2.71520,2.16129,1.87953,13.67837
24.000,1,100,13.9455,16.0923,2.5391,3.4988,2.68517,2.66812,2.76100,2.21218,1.91240,14.20146,2.68433,2.66669,2.75931,2.20877,1.91185,14.19765
24.500,1,100,13.9455,16.0923,2.5391,3.4988,2.59136,2.68671,2.79610,2.10013,1.82913,15.50636,2.58987,2.68472,2.79381,2.09631,1.82905,15.50292
25.000,0,100,13.9455,16.0923,2.5391,3.4988,2.82611,2.99432,2.95167,2.10532,1.89280,17.47993,2.82498,2.99313,2.94950,2.10227,1.89299,17.47742
25.500,0,100,13.9455,16.0923,2.5391,3.4988,2.88405,3.07406,3.21921,2.07780,1.86046,20.53769,2.88284,3.07301,3.21666,2.07478,1.86068,20.53476
26.000,0,100,13.9455,16.0923,2.5391,3.4988,2.95042,3.27550,3.06751,2.05170,1.82991,22.07004,2.94925,3.27464,3.06502,2.04870,1.83016,22.06721
26.500,0,100,13.9455,16.0923,2.5391,3.4988,3.01993,3.26494,2.66468,2.02686,1.80099,19.92670,3.01883,3.26420,2.66240,2.02388,1.80125,19.92342
27.000,0,100,13.9455,16.0923,2.5391,3.4988,3.07253,3.21046,2.54278,2.00317,1.77354,17.32483,3.07154,3.20984,2.54106,2.00021,1.77383,17.32161
27.500,0,100,13.9455,16.0923,2.5391,3.4988,3.09801,3.17324,2.60848,1.98051,1.74744,15.27889,3.09713,3.17266,2.60736,1.97757,1.74774,15.27587
28.000,0,100,13.9455,16.0923,2.5391,3.4988,3.11314,3.12392,2.63638,1.95878,1.72257,13.77878,3.11234,3.12323,2.63553,1.95586,1.72289,13.77585
28.500,0,100,13.9455,16.0923,2.5391,3.4988,3.11895,3.06293,2.71352,1.93791,1.69883,13.02119,3.11821,3.06227,2.71280,1.93501,1.69917,13.01850
29.000,0,100,13.9455,16.0923,2.5391,3.4988,3.11390,2.97976,2.69739,1.91782,1.67614,12.67175,3.11321,2.97908,2.69685,1.91493,1.67649,12.66921
29.500,0,100,13.9455,16.0923,2.5391,3.4988,3.09960,2.87276,2.70477,1.89845,1.65440,12.42148,3.09894,2.87215,2.70418,1.89558,1.65477,12.41898
30.000,0,100,13.9455,16.0923,2.5391,3.4988,3.07790,2.83389,2.70188,1.87974,1.63356,12.06806,3.07726,2.83323,2.70121,1.87690,1.63394,12.06549
30.500,0,100,13.9455,16.0923,2.5391,3.4988,3.05183,2.74724,2.64242,1.86165,1.61355,11.95616,3.05120,2.74657,2.64196,1.85882,1.61394,11.95361
31.000,0,100,13.9455,16.0923,2.5391,3.4988,3.01876,2.63592,2.65529,1.84412,1.59430,11.90795,3.01815,2.63530,2.65499,1.84132,1.59470,11.90540
31.500,0,100,13.9455,16.0923,2.5391,3.4988,2.97940,2.55640,2.78273,1.82714,1.57577,12.08891,2.97880,2.55583,2.78246,1.82435,1.57618,12.08634
32.000,0,100,13.9455,16.0923,2.5391,3.4988,2.93745,2.47875,2.81058,1.81064,1.55790,12.16719,2.93686,2.47815,2.81064,1.80787,1.55833,12.16456
32.500,0,100,13.9455,16.0923,2.5391,3.4988,2.89429,2.41202,2.93891,1.79462,1.54067,12.10436,2.89370,2.41141,2.93907,1.79187,1.54110,12.10159
33.000,0,100,13.9455,16.0923,2.5391,3.4988,2.84962,2.34708,3.22206,1.77902,1.52401,13.19632,2.84904,2.34649,3.22230,1.77629,1.52446,13.19341
33.500,0,100,13.9455,16.0923,2.5391,3.4988,2.80497,2.28304,3.56172,1.76384,1.50791,14.56353,2.80439,2.28249,3.56208,1.76113,1.50836,14.56070
34.000,0,100,13.9455,16.0923,2.5391,3.4988,2.75998,2.25453,3.91326,1.74905,1.49232,16.35657,2.75941,2.25397,3.91373,1.74635,1.49278,16.35391
34.500,0,100,13.9455,16.0923,2.5391,3.4988,2.71715,2.21481,3.85571,1.73463,1.47722,16.77025,2.71658,2.21426,3.85610,1.73194,1.47768,16.76776
35.000,1,100,13.9455,16.0923,2.5391,3.4988,3.23627,2.31082,3.25666,1.58525,1.36431,15.62455,3.23621,2.31066,3.25663,1.58234,1.36493,15.61647
35.500,1,100,13.9455,16.0923,2.5391,3.4988,2.84521,1.91116,2.69026,1.49334,1.29473,13.36834,2.84504,1.91154,2.68992,1.49091,1.29547,13.36345
36.000,1,100,13.9455,16.0923,2.5391,3.4988,2.63340,1.98382,2.68479,1.49926,1.38343,12.48297,2.63290,1.98382,2.68279,1.49688,1.38247,12.47691
36.500,1,100,13.9455,16.0923,2.5391,3.4988,2.67451,2.15093,2.80021,1.49997,1.46754,12.05996,2.67420,2.15115,2.79792,1.49762,1.46660,12.05406
37.000,1,100,13.9455,16.0923,2.5391,3.4988,2.83794,2.40341,2.92337,1.53715,1.44605,11.83011,2.83749,2.40362,2.92203,1.53475,1.44505,11.82495
37.500,1,100,13.9455,16.0923,2.5391,3.4988,2.42512,2.18789,2.64004,1.56405,1.37916,11.04196,2.42490,2.18779,2.63842,1.56135,1.37881,11.03743
38.000,1,100,13.9455,16.0923,2.5391,3.4988,2.69337,2.33209,2.58183,1.62097,1.32436,11.15086,2.69245,2.33071,2.57948,1.61776,1.32387,11.14577
38.500,1,100,13.9455,16.0923,2.5391,3.4988,2.85047,2.53567,2.77262,1.67107,1.34497,11.56725,2.84987,2.53448,2.77040,1.66804,1.34462,11.56242
39.000,1,100,13.9455,16.0923,2.5391,3.4988,2.75715,2.22829,2.78481,1.62034,1.35691,11.76958,2.75597,2.22620,2.78252,1.61717,1.35665,11.76489
39.500,1,100,13.9455,16.0923,2.5391,3.4988,2.85248,2.43616,3.11663,1.62294,1.38048,13.12432,2.85116,2.43406,3.11560,1.61993,1.38029,13.12019
40.000,1,100,13.9455,16.0923,2.5391,3.4988,3.00169,2.38748,3.25198,1.56897,1.37348,14.84461,3.00071,2.38646,3.25144,1.56653,1.37293,14.84085
40.500,1,100,13.9455,16.0923,2.5391,3.4988,2.58292,2.16911,3.50680,1.55043,1.36667,17.13512,2.58169,2.16813,3.50672,1.54788,1.36630,17.13132
41.000,1,100,13.9455,16.0923,2.5391,3.4988,2.57794,2.55309,3.53922,1.63073,1.33746,18.30658,2.57681,2.55247,3.53935,1.62874,1.33727,18.30313
41.500,1,100,13.9455,16.0923,2.5391,3.4988,2.83678,2.76103,3.22342,1.65523,1.32175,17.67873,2.83563,2.76041,3.22303,1.65317,1.32159,17.67549
42.000,1,100,13.9455,16.0923,2.5391,3.4988,3.01927,2.96056,2.93413,1.66691,1.29513,15.61280,3.01885,2.96053,2.93366,1.66527,1.29513,15.61076
42.500,1,100,13.9455,16.0923,2.5391,3.4988,3.46304,3.19074,2.94124,1.56702,1.20895,14.19055,3.46296,3.19090,2.94067,1.56553,1.20896,14.18877
43.000,1,100,13.9455,16.0923,2.5391,3.4988,3.56802,3.16298,2.98583,1.53417,1.12807,13.07909,3.56802,3.16299,2.98506,1.53253,1.12835,13.07752
43.500,1,100,13.9455,16.0923,2.5391,3.4988,3.43712,3.12566,2.73368,1.50197,1.09978,12.51089,3.43661,3.12494,2.73293,1.49988,1.09986,12.50893
44.000,1,100,13.9455,16.0923,2.5391,3.4988,3.27223,2.98748,2.78891,1.43452,1.05865,12.13498,3.27170,2.98685,2.78871,1.43241,1.05889,12.13340
44.500,1,100,13.9455,16.0923,2.5391,3.4988,3.04010,2.98622,2.78395,1.46213,1.03779,11.66968,3.03900,2.98509,2.78413,1.45967,1.03786,11.66739
45.000,1,100,13.9455,16.0923,2.5391,3.4988,2.87974,2.70993,2.43823,1.39311,0.97334,11.76232,2.87907,2.70933,2.43791,1.39112,0.97328,11.76045
45.500,1,100,13.9455,16.0923,2.5391,3.4988,2.82686,2.57667,2.39818,1.34293,0.93144,11.85941,2.82649,2.57658,2.39798,1.34122,0.93133,11.85752
46.000,1,100,13.9455,16.0923,2.5391,3.4988,2.95868,2.87391,2.64093,1.33143,0.93166,12.41898,2.95884,2.87432,2.64005,1.33011,0.93132,12.41727
46.500,1,100,13.9455,16.0923,2.5391,3.4988,2.93691,2.85132,2.72658,1.31989,0.88835,12.64465,2.93726,2.85179,2.72541,1.31870,0.88794,12.64318
47.000,1,100,13.9455,16.0923,2.5391,3.4988,3.28142,3.11265,2.97590,1.30068,0.92022,13.05997,3.28171,3.11293,2.97444,1.29949,0.91995,13.05855
47.500,1,100,13.9455,16.0923,2.5391,3.4988,2.95999,2.64325,2.97351,1.29466,0.83281,13.17923,2.96023,2.64349,2.97174,1.29347,0.83267,13.17803
48.000,1,100,13.9455,16.0923,2.5391,3.4988,2.77781,2.46098,3.64848,1.27125,0.86303,14.33830,2.77788,2.46086,3.64602,1.27011,0.86278,14.33685
48.500,1,100,13.9455,16.0923,2.5391,3.4988,2.79189,2.31850,4.42244,1.24802,0.88996,16.64523,2.79176,2.31847,4.42090,1.24689,0.89005,16.64428
49.000,1,100,13.9455,16.0923,2.5391,3.4988,2.76851,2.19729,5.29348,1.23967,0.86326,20.65257,2.76851,2.19765,5.29199,1.23868,0.86354,20.65075
49.500,1,100,13.9455,16.0923,2.5391,3.4988,2.75871,2.09648,4.86801,1.24729,0.89513,21.20111,2.75873,2.09667,4.86639,1.24632,0.89547,21.19974
50.000,1,100,13.9455,16.0923,2.5391,3.4988,2.17534,1.92777,4.00144,1.23963,0.94344,18.22024,2.17508,1.92705,3.99935,1.23836,0.94348,18.21780
50.500,1,100,13.9455,16.0923,2.5391,3.4988,2.49294,2.27974,3.52302,1.32738,1.03829,15.84589,2.49256,2.27871,3.52112,1.32614,1.03851,15.84380
51.000,1,100,13.9455,16.0923,2.5391,3.4988,2.82401,2.47873,3.29474,1.34629,1.01723,13.86829,2.82354,2.47775,3.29351,1.34532,1.01762,13.86674
51.500,1,100,13.9455,16.0923,2.5391,3.4988,2.92789,2.55829,3.16909,1.40307,1.02718,12.58194,2.92723,2.55743,3.16860,1.40210,1.02753,12.58053
52.000,1,100,13.9455,16.0923,2.5391,3.4988,2.83579,2.45169,2.83012,1.43103,1.03249,11.95845,2.83528,2.45129,2.82967,1.43035,1.03287,11.95733
52.500,1,100,13.9455,16.0923,2.5391,3.4988,3.01413,2.59800,2.82091,1.47732,1.04673,11.90365,3.01408,2.59824,2.82090,1.47712,1.04707,11.90309
53.000,1,100,13.9455,16.0923,2.5391,3.4988,2.77736,2.39370,2.70721,1.47530,1.04598,11.74703,2.77700,2.39349,2.70684,1.47479,1.04630,11.74626
53.500,1,100,13.9455,16.0923,2.5391,3.4988,2.59592,2.17149,2.53039,1.52517,1.00745,11.71210,2.59575,2.17142,2.52988,1.52474,1.00763,11.71146
54.000,1,100,13.9455,16.0923,2.5391,3.4988,2.50848,2.32765,2.75162,1.57828,1.02663,12.17438,2.50825,2.32752,2.75115,1.57777,1.02681,12.17360
54.500,1,100,13.9455,16.0923,2.5391,3.4988,2.74151,2.55115,3.07601,1.57865,1.00031,13.33278,2.74130,2.55122,3.07525,1.57814,1.00043,13.33183
55.000,1,100,13.9455,16.0923,2.5391,3.4988,2.75024,2.58557,3.58878,1.57439,0.97491,15.83065,2.75017,2.58569,3.58792,1.57392,0.97501,15.82959
55.500,1,100,13.9455,16.0923,2.5391,3.4988,2.91404,2.89345,4.15162,1.61846,0.98441,19.42414,2.91382,2.89350,4.15047,1.61789,0.98440,19.42248
56.000,1,100,13.9455,16.0923,2.5391,3.4988,2.86850,3.18399,4.14276,1.55712,1.01727,20.41817,2.86865,3.18439,4.14169,1.55674,1.01718,20.41654
56.500,1,100,13.9455,16.0923,2.5391,3.4988,2.97757,3.36368,3.38362,1.50548,1.03348,18.79796,2.97761,3.36396,3.38295,1.50492,1.03356,18.79625
57.000,1,100,13.9455,16.0923,2.5391,3.4988,2.91207,3.05231,2.82984,1.41528,1.02783,16.37579,2.91217,3.05254,2.82945,1.41476,1.02775,16.37436
57.500,1,100,13.9455,16.0923,2.5391,3.4988,2.62888,2.95565,2.86363,1.34394,1.00280,14.37816,2.62890,2.95590,2.86370,1.34333,1.00284,14.37713
58.000,1,100,13.9455,16.0923,2.5391,3.4988,2.92407,3.05362,2.94098,1.35980,0.97492,12.99150,2.92415,3.05407,2.94138,1.35924,0.97497,12.99108
58.500,1,100,13.9455,16.0923,2.5391,3.4988,2.91859,2.90104,2.88589,1.35778,0.91479,12.37771,2.91887,2.90160,2.88621,1.35726,0.91474,12.37713
59.000,1,100,13.9455,16.0923,2.5391,3.4988,3.05067,2.94334,3.04274,1.32959,0.94952,11.79838,3.05079,2.94359,3.04311,1.32886,0.94952,11.79769
59.500,1,100,13.9455,16.0923,2.5391,3.4988,2.85175,2.68817,3.11468,1.25936,0.95359,11.45649,2.85170,2.68812,3.11474,1.25858,0.95348,11.45543
60.000,1,100,13.9455,16.0923,2.5391,3.4988,3.21973,2.97018,3.21586,1.23640,0.93371,11.98099,3.21963,2.97001,3.21596,1.23562,0.93360,11.97997
