t,pos_err_s0,pos_err_s1,pos_err_s2,yaw_err_s0,yaw_err_s1,yaw_err_s2
0.00,0.0102,0.0336,0.0388,0.0079,0.0032,0.0027
0.50,0.1241,0.0937,0.1288,0.0590,0.0637,0.0695
1.00,0.3265,0.1368,0.2504,0.0299,0.0447,0.1361
1.50,0.3454,0.0737,0.1963,0.0960,0.0080,0.0131
2.00,0.2679,0.1260,0.0847,0.0272,0.0572,0.0195
2.50,0.2900,0.0495,0.1480,0.0913,0.0045,0.0837
3.00,0.3542,0.0948,0.0933,0.1543,0.0584,0.0275
3.50,0.2787,0.0206,0.1941,0.0752,0.0008,0.0890
4.00,0.1029,0.1353,0.0782,0.0243,0.0608,0.0367
4.50,0.1856,0.0526,0.0418,0.0826,0.0228,0.0040
5.00,0.1158,0.1868,0.1467,0.0233,0.0795,0.0527
5.50,0.2289,0.1192,0.0678,0.0783,0.0468,0.0259
6.00,0.1394,0.0482,0.2066,0.0488,0.0225,0.0792
6.50,0.0630,0.1898,0.0960,0.0118,0.0741,0.0329
7.00,0.1847,0.0852,0.0423,0.0618,0.0325,0.0131
7.50,0.0985,0.0308,0.0055,0.0255,0.0092,0.0008
8.00,0.0359,0.1808,0.1549,0.0094,0.0561,0.0462
8.50,0.1774,0.1286,0.0958,0.0549,0.0360,0.0264
9.00,0.1222,0.0049,0.0417,0.0369,0.0025,0.0080
9.50,0.0674,0.1617,0.1974,0.0219,0.0455,0.0510
10.00,0.0063,0.1134,0.0911,0.0004,0.0254,0.0232
10.50,0.1673,0.0339,0.0456,0.0412,0.0097,0.0075
11.00,0.1036,0.1968,0.0178,0.0236,0.0495,0.0015
11.50,0.0296,0.1349,0.1531,0.0056,0.0301,0.0375
12.00,0.1960,0.1048,0.1024,0.0437,0.0241,0.0225
12.50,0.1321,0.0443,0.0735,0.0319,0.0071,0.0144
13.00,0.0824,0.0416,0.0228,0.0141,0.0060,0.0015
13.50,0.0776,0.2118,0.1673,0.0157,0.0423,0.0348
14.00,0.2491,0.1427,0.1138,0.0516,0.0291,0.0223
14.50,0.1439,0.1301,0.0335,0.0286,0.0223,0.0064
15.00,0.1183,0.0439,0.2027,0.0252,0.0054,0.0416
15.50,0.1361,0.2168,0.1409,0.0262,0.0405,0.0259
16.00,0.0566,0.1480,0.1341,0.0126,0.0268,0.0264
16.50,0.0590,0.0614,0.1117,0.0102,0.0146,0.0207
17.00,0.2327,0.0598,0.0353,0.0452,0.0123,0.0083
17.50,0.1418,0.2334,0.2083,0.0260,0.0474,0.0434
18.00,0.0978,0.1128,0.1594,0.0169,0.0226,0.0294
18.50,0.0585,0.0141,0.1262,0.0123,0.0034,0.0218
19.00,0.0694,0.1806,0.0620,0.0112,0.0325,0.0135
19.50,0.0115,0.1345,0.0083,0.0021,0.0322,0.0018
20.00,0.1723,0.1382,0.1632,0.0389,0.0275,0.0351
20.50,0.0988,0.0889,0.1321,0.0242,0.0193,0.0293
21.00,0.0383,0.0057,0.0610,0.0073,0.0029,0.0157
21.50,0.0045,0.1704,0.2256,0.0004,0.0360,0.0547
22.00,0.1614,0.0538,0.1314,0.0394,0.0146,0.0320
22.50,0.1233,0.0231,0.1259,0.0368,0.0004,0.0316
23.00,0.0981,0.1359,0.0522,0.0232,0.0414,0.0193
23.50,0.0410,0.0882,0.2084,0.0216,0.0232,0.0622
24.00,0.1956,0.0394,0.0865,0.0658,0.0293,0.0304
24.50,0.1047,0.0553,0.2380,0.0008,0.0027,0.0760
25.00,0.0713,0.0552,0.1552,0.0650,0.0507,0.1842
25.50,0.2173,0.0978,0.1552,0.0166,0.0023,0.1129
26.00,0.2396,0.0549,0.0396,0.0512,0.0159,0.0213
26.50,0.0909,0.0452,0.1825,0.0161,0.0095,0.0304
27.00,0.2294,0.1846,0.0094,0.0694,0.0628,0.0004
27.50,0.1275,0.1138,0.1473,0.0450,0.0413,0.0546
28.00,0.0766,0.0371,0.0606,0.0326,0.0096,0.0246
28.50,0.0192,0.1702,0.0213,0.0042,0.0679,0.0149
29.00,0.1140,0.0660,0.1534,0.0558,0.0325,0.0749
29.50,0.0388,0.0234,0.1001,0.0127,0.0124,0.0515
30.00,0.1678,0.1528,0.0472,0.0757,0.0754,0.0247
30.50,0.0955,0.0743,0.1750,0.0508,0.0376,0.0889
31.00,0.0223,0.0500,0.0985,0.0016,0.0157,0.0533
31.50,0.1155,0.1765,0.0169,0.0645,0.0818,0.0014
32.00,0.0583,0.0089,0.1426,0.0251,0.0002,0.0680
32.50,0.1816,0.1282,0.0096,0.0919,0.0671,0.0078
33.00,0.1016,0.0394,0.1345,0.0530,0.0279,0.0747
33.50,0.2274,0.1649,0.0800,0.1196,0.0945,0.0421
34.00,0.1181,0.0635,0.0368,0.0526,0.0263,0.0139
34.50,0.2454,0.1901,0.1639,0.1178,0.0916,0.0791
35.00,0.1015,0.0754,0.0664,0.0530,0.0386,0.0241
35.50,0.0625,0.0297,0.1959,0.0215,0.0073,0.0871
36.00,0.1887,0.1583,0.0991,0.0830,0.0688,0.0475
36.50,0.1005,0.0561,0.0999,0.0462,0.0229,0.0396
37.00,0.0094,0.1891,0.0225,0.0001,0.0813,0.0109
37.50,0.1301,0.0723,0.1587,0.0567,0.0216,0.0676
38.00,0.0544,0.2108,0.0698,0.0222,0.0766,0.0249
38.50,0.1952,0.1245,0.2103,0.0755,0.0415,0.0782
39.00,0.1172,0.0613,0.1088,0.0414,0.0210,0.0387
39.50,0.0302,0.0108,0.0517,0.0152,0.0014,0.0186
40.00,0.0103,0.1513,0.1990,0.0022,0.0499,0.0670
40.50,0.1472,0.1079,0.0480,0.0492,0.0349,0.0109
41.00,0.0833,0.0614,0.0209,0.0261,0.0191,0.0094
41.50,0.0204,0.0224,0.1725,0.0082,0.0011,0.0536
42.00,0.0120,0.1740,0.1332,0.0004,0.0440,0.0330
42.50,0.1612,0.1015,0.0515,0.0414,0.0242,0.0092
43.00,0.0745,0.0502,0.0096,0.0137,0.0094,0.0015
43.50,0.0679,0.2069,0.1611,0.0182,0.0492,0.0383
44.00,0.2325,0.1058,0.0646,0.0571,0.0199,0.0188
44.50,0.1535,0.0975,0.0141,0.0311,0.0219,0.0021
45.00,0.1391,0.1110,0.0090,0.0260,0.0219,0.0044
45.50,0.1093,0.0380,0.1683,0.0195,0.0107,0.0413
46.00,0.0648,0.0198,0.0989,0.0113,0.0028,0.0196
46.50,0.0671,0.1613,0.1131,0.0146,0.0331,0.0207
47.00,0.2387,0.1516,0.1087,0.0502,0.0276,0.0193
47.50,0.1428,0.0800,0.0038,0.0261,0.0152,0.0012
48.00,0.1136,0.0711,0.1773,0.0215,0.0153,0.0338
48.50,0.1113,0.0319,0.1000,0.0193,0.0058,0.0205
49.00,0.0250,0.0216,0.0805,0.0009,0.0020,0.0134
49.50,0.1761,0.1733,0.0504,0.0340,0.0329,0.0133
50.00,0.0195,0.0832,0.0377,0.0028,0.0140,0.0052
50.50,0.1784,0.0120,0.0362,0.0325,0.0005,0.0035
51.00,0.1428,0.0135,0.2044,0.0312,0.0029,0.0390
51.50,0.1137,0.0170,0.1000,0.0231,0.0024,0.0252
52.00,0.1167,0.1764,0.0872,0.0225,0.0339,0.0201
52.50,0.0617,0.0916,0.0153,0.0129,0.0248,0.0008
53.00,0.0318,0.0386,0.0245,0.0052,0.0068,0.0088
53.50,0.1971,0.0074,0.0141,0.0434,0.0000,0.0010
54.00,0.1268,0.1716,0.0096,0.0393,0.0389,0.0040
54.50,0.0123,0.1141,0.1590,0.0011,0.0339,0.0438
55.00,0.1608,0.0661,0.0207,0.0397,0.0270,0.0081
55.50,0.0781,0.0300,0.1158,0.0246,0.0109,0.0045
56.00,0.2349,0.1862,0.0515,0.0676,0.0539,0.0475
56.50,0.1577,0.1212,0.0196,0.0796,0.0027,0.0471
57.00,0.1014,0.0343,0.1533,0.0205,0.0740,0.0015
57.50,0.0858,0.1820,0.1165,0.0234,0.0271,0.0030
58.00,0.2334,0.1810,0.1436,0.0719,0.0420,0.0470
58.50,0.2690,0.2566,0.2884,0.0569,0.0334,0.0970
59.00,0.1833,0.1723,0.1837,0.0430,0.0512,0.0374
59.50,0.0537,0.0674,0.1236,0.0093,0.0235,0.0443
60.00,0.1919,0.0137,0.0431,0.0643,0.0016,0.0119
60.50,0.1132,0.1230,0.1743,0.0469,0.0551,0.0686
61.00,0.0363,0.0336,0.0662,0.0114,0.0116,0.0214
61.50,0.1689,0.1628,0.0519,0.0714,0.0716,0.0090
62.00,0.1014,0.0403,0.1819,0.0522,0.0232,0.0705
62.50,0.0065,0.1627,0.0981,0.0003,0.0861,0.0454
63.00,0.1310,0.0912,0.2264,0.0638,0.0393,0.1095
63.50,0.1005,0.2175,0.0811,0.0550,0.1046,0.0417
64.00,0.0213,0.1126,0.0184,0.0146,0.0529,0.0131
64.50,0.1468,0.0104,0.1416,0.0812,0.0007,0.0797
